Date;Open;High;Low;Close ;Adj Close ;Volume
;;;;Close price adjusted for splits.;Adjusted close price adjusted for splits and dividend and/or capital gain distributions.;
Jul 23, 2026;7,075.00;7,125.00;7,025.00;7,125.00;7,125.00;5,277,300
Jul 22, 2026;7,000.00;7,100.00;6,975.00;7,075.00;7,075.00;4,595,100
Jul 21, 2026;6,950.00;7,025.00;6,850.00;7,000.00;7,000.00;3,888,200
Jul 20, 2026;6,850.00;6,950.00;6,850.00;6,900.00;6,900.00;3,538,400
Jul 17, 2026;6,775.00;6,850.00;6,625.00;6,850.00;6,850.00;3,779,700
Jul 16, 2026;6,625.00;6,700.00;6,600.00;6,700.00;6,700.00;1,186,500
Jul 15, 2026;6,650.00;6,650.00;6,600.00;6,600.00;6,600.00;1,502,200
Jul 14, 2026;6,625.00;6,675.00;6,575.00;6,650.00;6,650.00;2,030,800
Jul 13, 2026;6,650.00;6,675.00;6,575.00;6,625.00;6,625.00;1,627,400
Jul 10, 2026;6,675.00;6,675.00;6,600.00;6,650.00;6,650.00;1,048,800
Jul 9, 2026;6,625.00;6,675.00;6,575.00;6,675.00;6,675.00;2,586,500
Jul 8, 2026;6,725.00;6,750.00;6,625.00;6,625.00;6,625.00;1,316,000
Jul 7, 2026;265 Dividend ;;;;;
;Dividends on any given ex-date include regular and any special dividends;;;;;
Jul 7, 2026;6,850.00;6,850.00;6,675.00;6,725.00;6,725.00;1,799,300
Jul 6, 2026;6,950.00;7,000.00;6,900.00;6,925.00;6,660.00;2,710,500
Jul 3, 2026;6,750.00;7,050.00;6,750.00;6,950.00;6,684.04;4,350,800
Jul 2, 2026;6,800.00;6,800.00;6,725.00;6,750.00;6,491.70;1,095,800
Jul 1, 2026;6,800.00;6,850.00;6,750.00;6,800.00;6,539.78;4,211,000
Jun 30, 2026;6,650.00;6,875.00;6,550.00;6,800.00;6,539.78;8,402,500
Jun 29, 2026;6,800.00;6,875.00;6,625.00;6,650.00;6,395.52;3,793,300
Jun 26, 2026;6,725.00;6,725.00;6,550.00;6,600.00;6,347.44;1,870,300
Jun 25, 2026;6,500.00;6,825.00;6,475.00;6,725.00;6,467.65;5,717,300
Jun 24, 2026;6,600.00;6,700.00;6,450.00;6,500.00;6,251.26;3,799,500
Jun 23, 2026;6,575.00;6,650.00;6,475.00;6,600.00;6,347.44;3,657,800
Jun 22, 2026;6,875.00;6,875.00;6,525.00;6,575.00;6,323.39;2,886,500
Jun 19, 2026;6,550.00;6,800.00;6,500.00;6,700.00;6,443.61;13,041,800
Jun 18, 2026;6,625.00;6,650.00;6,500.00;6,625.00;6,371.48;4,188,900
Jun 17, 2026;6,600.00;6,775.00;6,500.00;6,625.00;6,371.48;5,517,400
Jun 15, 2026;6,500.00;6,700.00;6,500.00;6,600.00;6,347.44;9,935,600
Jun 12, 2026;6,275.00;6,450.00;6,175.00;6,350.00;6,107.00;13,984,100
Jun 11, 2026;6,250.00;6,450.00;6,175.00;6,250.00;6,010.83;12,389,600
Jun 10, 2026;6,125.00;6,325.00;6,100.00;6,250.00;6,010.83;10,357,600
Jun 9, 2026;6,000.00;6,325.00;5,925.00;6,325.00;6,082.96;4,113,300
Jun 8, 2026;6,425.00;6,425.00;6,000.00;6,000.00;5,770.40;3,951,800
Jun 5, 2026;6,625.00;6,625.00;6,400.00;6,450.00;6,203.18;7,736,900
Jun 4, 2026;6,550.00;6,625.00;6,375.00;6,625.00;6,371.48;8,176,900
Jun 3, 2026;6,800.00;6,825.00;6,425.00;6,525.00;6,275.31;9,366,000
Jun 2, 2026;7,100.00;7,100.00;6,750.00;6,800.00;6,539.78;9,456,000
May 29, 2026;6,875.00;7,100.00;6,775.00;7,100.00;6,828.30;5,777,900
May 28, 2026;6,875.00;6,875.00;6,875.00;6,875.00;6,611.91;-
May 27, 2026;6,875.00;6,875.00;6,875.00;6,875.00;6,611.91;-
May 26, 2026;7,100.00;7,100.00;6,875.00;6,875.00;6,611.91;3,354,100
May 25, 2026;6,925.00;7,150.00;6,850.00;7,100.00;6,828.30;6,552,500
May 22, 2026;6,675.00;6,950.00;6,575.00;6,825.00;6,563.83;5,072,300
May 21, 2026;6,750.00;6,800.00;6,625.00;6,675.00;6,419.57;6,240,200
May 20, 2026;6,725.00;6,825.00;6,700.00;6,750.00;6,491.70;7,512,200
May 19, 2026;6,825.00;6,850.00;6,700.00;6,725.00;6,467.65;4,197,400
May 18, 2026;6,825.00;6,850.00;6,725.00;6,800.00;6,539.78;5,351,100
May 15, 2026;6,825.00;6,825.00;6,825.00;6,825.00;6,563.83;-
May 14, 2026;6,825.00;6,825.00;6,825.00;6,825.00;6,563.83;-
May 13, 2026;6,925.00;6,925.00;6,800.00;6,825.00;6,563.83;4,991,500
May 12, 2026;7,100.00;7,125.00;6,850.00;6,950.00;6,684.04;5,044,900
May 11, 2026;7,050.00;7,175.00;6,900.00;7,100.00;6,828.30;5,072,900
May 8, 2026;7,175.00;7,250.00;7,025.00;7,050.00;6,780.22;7,207,100
May 7, 2026;6,900.00;7,250.00;6,875.00;7,175.00;6,900.43;13,524,700
May 6, 2026;6,725.00;6,850.00;6,725.00;6,800.00;6,539.78;6,494,900
May 5, 2026;6,775.00;6,800.00;6,700.00;6,725.00;6,467.65;7,234,600
May 4, 2026;6,775.00;6,875.00;6,675.00;6,800.00;6,539.78;6,688,000
Apr 30, 2026;6,725.00;6,775.00;6,650.00;6,775.00;6,515.74;6,568,000
Apr 29, 2026;6,775.00;6,825.00;6,700.00;6,725.00;6,467.65;6,155,900
Apr 28, 2026;6,900.00;6,950.00;6,750.00;6,775.00;6,515.74;5,589,600
Apr 27, 2026;6,825.00;6,925.00;6,750.00;6,900.00;6,635.96;4,100,900
Apr 24, 2026;7,075.00;7,100.00;6,825.00;6,825.00;6,563.83;8,562,900
Apr 23, 2026;7,100.00;7,150.00;7,025.00;7,075.00;6,804.26;6,103,600
Apr 22, 2026;7,175.00;7,175.00;7,050.00;7,100.00;6,828.30;7,957,300
Apr 21, 2026;7,175.00;7,200.00;7,125.00;7,150.00;6,876.39;3,851,300
Apr 20, 2026;7,275.00;7,300.00;7,175.00;7,175.00;6,900.43;3,932,800
Apr 17, 2026;7,275.00;7,300.00;7,225.00;7,300.00;7,020.65;2,626,700
Apr 16, 2026;7,250.00;7,325.00;7,225.00;7,275.00;6,996.61;3,765,900
Apr 15, 2026;7,250.00;7,300.00;7,200.00;7,200.00;6,924.48;6,618,700
Apr 14, 2026;7,275.00;7,300.00;7,200.00;7,225.00;6,948.52;4,643,000
Apr 13, 2026;7,375.00;7,375.00;7,200.00;7,225.00;6,948.52;5,113,800
Apr 10, 2026;7,475.00;7,475.00;7,350.00;7,375.00;7,092.78;3,243,900
Apr 9, 2026;7,525.00;7,525.00;7,400.00;7,450.00;7,164.91;3,881,800
Apr 8, 2026;7,450.00;7,550.00;7,375.00;7,525.00;7,237.04;2,420,400
Apr 7, 2026;7,425.00;7,425.00;7,300.00;7,325.00;7,044.69;1,337,800
Apr 6, 2026;7,375.00;7,450.00;7,250.00;7,425.00;7,140.87;2,031,700
Apr 2, 2026;7,375.00;7,475.00;7,350.00;7,375.00;7,092.78;3,685,000
Apr 1, 2026;7,350.00;7,450.00;7,275.00;7,400.00;7,116.82;2,712,700
Mar 31, 2026;7,325.00;7,450.00;7,150.00;7,350.00;7,068.74;10,698,900
Mar 30, 2026;7,075.00;7,225.00;7,075.00;7,225.00;6,948.52;2,735,600
Mar 27, 2026;7,275.00;7,300.00;7,100.00;7,100.00;6,828.30;2,839,300
Mar 26, 2026;7,300.00;7,375.00;7,225.00;7,275.00;6,996.61;2,518,000
Mar 25, 2026;7,125.00;7,300.00;7,125.00;7,250.00;6,972.56;2,837,600
Mar 17, 2026;7,100.00;7,325.00;7,100.00;7,100.00;6,828.30;5,574,000
Mar 16, 2026;7,325.00;7,350.00;7,075.00;7,075.00;6,804.26;3,602,000
Mar 13, 2026;7,500.00;7,525.00;7,250.00;7,250.00;6,972.56;4,264,700
Mar 12, 2026;7,250.00;7,575.00;7,225.00;7,575.00;7,285.13;9,775,100
Mar 11, 2026;7,250.00;7,325.00;7,225.00;7,250.00;6,972.56;3,376,700
Mar 10, 2026;7,275.00;7,300.00;7,200.00;7,250.00;6,972.56;2,522,500
Mar 9, 2026;7,350.00;7,350.00;7,100.00;7,125.00;6,852.35;11,547,600
Mar 6, 2026;7,475.00;7,525.00;7,400.00;7,450.00;7,164.91;3,343,800
Mar 5, 2026;7,525.00;7,650.00;7,400.00;7,475.00;7,188.95;6,618,400
Mar 4, 2026;7,700.00;7,800.00;7,200.00;7,475.00;7,188.95;14,354,800
Mar 3, 2026;7,625.00;7,800.00;7,600.00;7,700.00;7,405.34;5,983,700
Mar 2, 2026;7,800.00;7,825.00;7,550.00;7,600.00;7,309.17;13,451,700
Feb 27, 2026;7,950.00;8,025.00;7,850.00;7,850.00;7,549.60;7,916,500
Feb 26, 2026;8,025.00;8,100.00;7,875.00;7,900.00;7,597.69;11,033,700
Feb 25, 2026;8,000.00;8,075.00;7,975.00;8,025.00;7,717.91;4,880,000
Feb 24, 2026;8,150.00;8,175.00;7,950.00;7,950.00;7,645.78;13,392,800
Feb 23, 2026;8,050.00;8,175.00;8,050.00;8,150.00;7,838.12;6,422,300
Feb 20, 2026;8,200.00;8,225.00;8,000.00;8,025.00;7,717.91;12,383,500
Feb 19, 2026;8,200.00;8,275.00;8,100.00;8,125.00;7,814.08;7,449,100
Feb 18, 2026;8,225.00;8,250.00;8,150.00;8,200.00;7,886.21;4,370,200
Feb 13, 2026;8,200.00;8,225.00;8,075.00;8,200.00;7,886.21;7,720,000
Feb 12, 2026;8,200.00;8,250.00;8,125.00;8,200.00;7,886.21;2,880,200
Feb 11, 2026;8,150.00;8,250.00;8,125.00;8,175.00;7,862.17;4,709,900
Feb 10, 2026;8,125.00;8,200.00;8,100.00;8,125.00;7,814.08;4,255,800
Feb 9, 2026;8,075.00;8,175.00;7,875.00;8,075.00;7,765.99;13,201,700
Feb 6, 2026;8,250.00;8,275.00;8,000.00;8,075.00;7,765.99;10,290,000
Feb 5, 2026;8,300.00;8,500.00;8,300.00;8,300.00;7,982.38;7,338,300
Feb 4, 2026;8,575.00;8,575.00;8,300.00;8,300.00;7,982.38;9,948,300
Feb 3, 2026;8,350.00;8,600.00;8,225.00;8,575.00;8,246.86;17,576,700
Feb 2, 2026;8,075.00;8,375.00;8,025.00;8,375.00;8,054.51;19,372,900
Jan 30, 2026;7,675.00;8,125.00;7,675.00;7,950.00;7,645.78;18,174,200
Jan 29, 2026;7,700.00;7,775.00;7,225.00;7,675.00;7,381.30;29,324,800
Jan 28, 2026;8,150.00;8,150.00;7,675.00;7,775.00;7,477.47;21,932,000
Jan 27, 2026;8,400.00;8,400.00;8,125.00;8,225.00;7,910.25;8,344,200
Jan 26, 2026;8,275.00;8,450.00;8,175.00;8,400.00;8,078.56;11,911,100
Jan 23, 2026;8,325.00;8,350.00;8,175.00;8,275.00;7,958.34;11,745,000
Jan 22, 2026;8,150.00;8,400.00;8,075.00;8,325.00;8,006.43;13,969,100
Jan 21, 2026;8,125.00;8,150.00;8,025.00;8,100.00;7,790.04;9,619,600
Jan 20, 2026;8,100.00;8,200.00;8,100.00;8,125.00;7,814.08;4,869,500
Jan 19, 2026;8,050.00;8,150.00;8,025.00;8,100.00;7,790.04;9,458,500
Jan 15, 2026;8,000.00;8,100.00;7,975.00;8,050.00;7,741.95;5,660,000
Jan 14, 2026;7,975.00;8,050.00;7,950.00;7,950.00;7,645.78;5,323,700
Jan 13, 2026;7,925.00;8,000.00;7,925.00;7,975.00;7,669.82;3,957,300
Jan 12, 2026;8,000.00;8,025.00;7,900.00;7,900.00;7,597.69;10,239,900
Jan 9, 2026;8,050.00;8,075.00;8,000.00;8,000.00;7,693.86;5,016,300
Jan 8, 2026;8,050.00;8,125.00;8,025.00;8,025.00;7,717.91;10,684,500
Jan 7, 2026;8,100.00;8,125.00;8,000.00;8,050.00;7,741.95;9,501,900
Jan 6, 2026;8,100.00;8,175.00;8,075.00;8,100.00;7,790.04;6,207,700
Jan 5, 2026;8,100.00;8,150.00;8,000.00;8,100.00;7,790.04;6,465,500
Jan 2, 2026;8,200.00;8,225.00;8,075.00;8,075.00;7,765.99;4,906,200
Dec 30, 2025;8,250.00;8,325.00;8,175.00;8,200.00;7,886.21;3,807,000
Dec 29, 2025;8,250.00;8,325.00;8,125.00;8,300.00;7,982.38;6,435,900
Dec 24, 2025;8,200.00;8,275.00;8,200.00;8,250.00;7,934.30;1,899,500
Dec 23, 2025;8,350.00;8,350.00;8,225.00;8,250.00;7,934.30;4,615,400
Dec 22, 2025;8,400.00;8,400.00;8,275.00;8,350.00;8,030.47;6,241,200
Dec 19, 2025;8,250.00;8,425.00;8,225.00;8,425.00;8,102.60;11,114,100
Dec 18, 2025;8,325.00;8,400.00;8,200.00;8,250.00;7,934.30;6,171,700
Dec 17, 2025;8,350.00;8,400.00;8,300.00;8,325.00;8,006.43;5,997,500
Dec 16, 2025;8,325.00;8,400.00;8,225.00;8,350.00;8,030.47;17,355,800
Dec 15, 2025;8,225.00;8,375.00;8,075.00;8,300.00;7,982.38;15,671,200
Dec 12, 2025;8,100.00;8,100.00;7,975.00;8,075.00;7,765.99;8,185,400
Dec 11, 2025;8,050.00;8,150.00;7,950.00;8,025.00;7,717.91;10,206,100
Dec 10, 2025;8,000.00;8,075.00;8,000.00;8,025.00;7,717.91;8,871,000
Dec 9, 2025;8,100.00;8,125.00;8,000.00;8,000.00;7,693.86;16,634,200
Dec 8, 2025;8,100.00;8,200.00;8,075.00;8,075.00;7,765.99;11,661,200
Dec 5, 2025;8,200.00;8,200.00;8,050.00;8,050.00;7,741.95;16,859,700
Dec 4, 2025;8,225.00;8,250.00;8,100.00;8,200.00;7,886.21;13,673,600
Dec 3, 2025;8,100.00;8,200.00;8,100.00;8,125.00;7,814.08;10,525,100
Dec 2, 2025;8,400.00;8,425.00;8,050.00;8,100.00;7,790.04;43,427,600
Dec 1, 2025;8,425.00;8,475.00;8,400.00;8,400.00;8,078.56;5,346,900
Nov 28, 2025;8,575.00;8,600.00;8,425.00;8,450.00;8,126.64;8,785,500
Nov 27, 2025;8,600.00;8,625.00;8,500.00;8,550.00;8,222.82;17,082,500
Nov 26, 2025;8,625.00;8,650.00;8,525.00;8,600.00;8,270.90;19,741,000
Nov 25, 2025;8,450.00;8,600.00;8,450.00;8,575.00;8,246.86;36,155,100
Nov 24, 2025;8,350.00;8,450.00;8,200.00;8,350.00;8,030.47;176,275,900
Nov 21, 2025;8,350.00;8,400.00;8,325.00;8,350.00;8,030.47;9,262,700
Nov 20, 2025;8,500.00;8,525.00;8,325.00;8,325.00;8,006.43;15,336,300
Nov 19, 2025;8,325.00;8,525.00;8,325.00;8,400.00;8,078.56;20,237,100
Nov 18, 2025;8,375.00;8,475.00;8,325.00;8,325.00;8,006.43;14,213,100
Nov 17, 2025;8,500.00;8,700.00;8,325.00;8,375.00;8,054.51;21,504,300
Nov 14, 2025;8,500.00;8,550.00;8,425.00;8,425.00;8,102.60;9,077,300
Nov 13, 2025;8,525.00;8,600.00;8,475.00;8,475.00;8,150.69;9,366,500
Nov 12, 2025;8,550.00;8,675.00;8,525.00;8,525.00;8,198.77;7,459,700
Nov 11, 2025;8,725.00;8,725.00;8,525.00;8,550.00;8,222.82;9,738,300
Nov 10, 2025;8,700.00;8,725.00;8,600.00;8,650.00;8,318.99;6,371,300
Nov 7, 2025;8,550.00;8,650.00;8,550.00;8,600.00;8,270.90;5,446,000
Nov 6, 2025;8,650.00;8,675.00;8,550.00;8,575.00;8,246.86;15,202,700
Nov 5, 2025;8,500.00;8,700.00;8,475.00;8,700.00;8,367.08;7,693,000
Nov 4, 2025;8,500.00;8,600.00;8,475.00;8,475.00;8,150.69;14,071,000
Nov 3, 2025;8,700.00;8,700.00;8,500.00;8,500.00;8,174.73;14,837,200
Oct 31, 2025;8,800.00;8,850.00;8,700.00;8,700.00;8,367.08;9,693,500
Oct 30, 2025;8,700.00;8,875.00;8,700.00;8,800.00;8,463.25;13,885,200
Oct 29, 2025;8,800.00;8,825.00;8,650.00;8,700.00;8,367.08;16,526,500
Oct 28, 2025;8,875.00;8,925.00;8,700.00;8,775.00;8,439.21;12,338,900
Oct 27, 2025;8,800.00;8,975.00;8,750.00;8,850.00;8,511.34;8,921,900
Oct 24, 2025;8,850.00;8,950.00;8,800.00;8,800.00;8,463.25;7,447,900
Oct 23, 2025;8,900.00;8,950.00;8,725.00;8,825.00;8,487.29;14,457,700
Oct 22, 2025;9,300.00;9,325.00;8,900.00;8,900.00;8,559.42;7,695,400
Oct 21, 2025;9,500.00;9,500.00;9,225.00;9,275.00;8,920.07;3,346,700
Oct 20, 2025;9,425.00;9,550.00;9,275.00;9,375.00;9,016.25;7,951,500
Oct 17, 2025;9,300.00;9,400.00;9,025.00;9,400.00;9,040.29;8,398,300
Oct 16, 2025;8,700.00;9,300.00;8,650.00;9,250.00;8,896.03;10,168,600
Oct 15, 2025;8,500.00;8,750.00;8,425.00;8,675.00;8,343.03;9,029,700
Oct 14, 2025;8,900.00;8,900.00;8,475.00;8,475.00;8,150.69;10,863,600
Oct 13, 2025;8,850.00;8,925.00;8,800.00;8,800.00;8,463.25;4,920,500
Oct 10, 2025;9,150.00;9,175.00;8,850.00;8,850.00;8,511.34;11,183,000
Oct 9, 2025;9,200.00;9,325.00;9,075.00;9,100.00;8,751.77;7,056,400
Oct 8, 2025;9,200.00;9,375.00;9,150.00;9,200.00;8,847.94;3,003,600
Oct 7, 2025;9,475.00;9,475.00;9,200.00;9,200.00;8,847.94;4,053,100
Oct 6, 2025;9,550.00;9,550.00;9,400.00;9,500.00;9,136.46;2,234,600
Oct 3, 2025;9,525.00;9,575.00;9,400.00;9,550.00;9,184.55;2,598,800
Oct 2, 2025;9,425.00;9,625.00;9,400.00;9,500.00;9,136.46;2,820,900
Oct 1, 2025;9,550.00;9,625.00;9,300.00;9,325.00;8,968.16;3,535,600
Sep 30, 2025;9,650.00;9,750.00;9,475.00;9,475.00;9,112.42;6,069,800
Sep 29, 2025;10,025.00;10,050.00;9,650.00;9,650.00;9,280.72;6,132,900
Sep 26, 2025;9,800.00;10,050.00;9,675.00;10,000.00;9,617.33;8,532,100
Sep 25, 2025;9,625.00;9,800.00;9,600.00;9,800.00;9,424.98;6,445,600
Sep 24, 2025;9,700.00;9,725.00;9,550.00;9,550.00;9,184.55;5,779,000
Sep 23, 2025;9,700.00;9,700.00;9,600.00;9,700.00;9,328.81;1,955,400
Sep 22, 2025;9,700.00;9,825.00;9,500.00;9,625.00;9,256.68;4,473,300
Sep 19, 2025;9,425.00;9,700.00;9,425.00;9,700.00;9,328.81;6,110,200
Sep 18, 2025;9,500.00;9,525.00;9,425.00;9,425.00;9,064.33;2,855,900
Sep 17, 2025;9,275.00;9,500.00;9,250.00;9,500.00;9,136.46;3,034,300
Sep 16, 2025;9,250.00;9,325.00;9,200.00;9,300.00;8,944.12;2,267,100
Sep 15, 2025;9,250.00;9,325.00;9,150.00;9,225.00;8,871.99;3,520,100
Sep 12, 2025;9,300.00;9,400.00;9,175.00;9,250.00;8,896.03;4,228,300
Sep 11, 2025;9,225.00;9,400.00;9,200.00;9,300.00;8,944.12;4,876,500
Sep 10, 2025;9,225.00;9,225.00;9,150.00;9,225.00;8,871.99;2,211,300
Sep 9, 2025;9,325.00;9,325.00;9,100.00;9,225.00;8,871.99;4,218,400
Sep 8, 2025;9,300.00;9,475.00;9,275.00;9,375.00;9,016.25;8,124,700
Sep 4, 2025;9,300.00;9,300.00;9,200.00;9,250.00;8,896.03;2,740,200
Sep 3, 2025;9,225.00;9,300.00;9,200.00;9,300.00;8,944.12;2,439,300
Sep 2, 2025;9,225.00;9,325.00;9,200.00;9,200.00;8,847.94;3,319,500
Sep 1, 2025;8,800.00;9,275.00;8,650.00;9,200.00;8,847.94;5,969,700
Aug 29, 2025;9,250.00;9,275.00;8,975.00;8,975.00;8,631.55;12,958,600
Aug 28, 2025;9,325.00;9,450.00;9,275.00;9,300.00;8,944.12;4,029,300
Aug 27, 2025;9,375.00;9,425.00;9,325.00;9,325.00;8,968.16;3,413,900
Aug 26, 2025;9,500.00;9,575.00;9,375.00;9,375.00;9,016.25;9,031,900
Aug 25, 2025;9,575.00;9,625.00;9,500.00;9,500.00;9,136.46;5,199,200
Aug 22, 2025;9,600.00;9,675.00;9,550.00;9,575.00;9,208.59;3,331,700
Aug 21, 2025;9,600.00;9,700.00;9,550.00;9,550.00;9,184.55;3,901,000
Aug 20, 2025;9,775.00;9,825.00;9,600.00;9,650.00;9,280.72;5,730,000
Aug 19, 2025;9,900.00;9,925.00;9,625.00;9,775.00;9,400.94;6,045,500
Aug 15, 2025;9,750.00;9,950.00;9,550.00;9,900.00;9,521.16;18,332,000
Aug 14, 2025;9,450.00;9,825.00;9,425.00;9,725.00;9,352.85;25,589,500
Aug 13, 2025;9,600.00;9,650.00;9,375.00;9,475.00;9,112.42;9,967,500
Aug 12, 2025;9,600.00;9,700.00;9,500.00;9,550.00;9,184.55;6,203,500
Aug 11, 2025;9,350.00;9,600.00;9,350.00;9,550.00;9,184.55;7,665,100
Aug 8, 2025;9,450.00;9,450.00;9,350.00;9,350.00;8,992.20;7,653,700
Aug 7, 2025;9,550.00;9,575.00;9,500.00;9,500.00;9,136.46;6,473,400
Aug 6, 2025;9,575.00;9,625.00;9,500.00;9,550.00;9,184.55;5,467,100
Aug 5, 2025;9,600.00;9,625.00;9,475.00;9,575.00;9,208.59;8,541,600
Aug 4, 2025;9,900.00;9,925.00;9,525.00;9,550.00;9,184.55;12,748,700
Aug 1, 2025;9,900.00;9,950.00;9,800.00;9,900.00;9,521.16;9,390,400
Jul 31, 2025;9,925.00;9,975.00;9,800.00;9,800.00;9,424.98;4,990,600
Jul 30, 2025;10,050.00;10,100.00;9,800.00;9,925.00;9,545.20;11,795,400
Jul 29, 2025;10,225.00;10,250.00;9,950.00;10,000.00;9,617.33;23,316,400
Jul 28, 2025;10,550.00;10,575.00;10,225.00;10,225.00;9,833.72;5,895,900
Jul 25, 2025;10,350.00;10,550.00;10,275.00;10,550.00;10,146.28;6,635,900
Jul 24, 2025;10,450.00;10,475.00;10,350.00;10,350.00;9,953.94;2,976,000
Jul 23, 2025;10,475.00;10,475.00;10,300.00;10,450.00;10,050.11;3,234,000
Jul 22, 2025;10,525.00;10,525.00;10,350.00;10,350.00;9,953.94;2,916,000
Jul 21, 2025;10,425.00;10,500.00;10,250.00;10,500.00;10,098.20;11,341,700
Jul 18, 2025;10,350.00;10,525.00;10,300.00;10,400.00;10,002.02;12,730,500
Jul 17, 2025;10,350.00;10,400.00;10,150.00;10,350.00;9,953.94;13,247,400
Jul 16, 2025;10,400.00;10,425.00;10,275.00;10,350.00;9,953.94;2,396,100
Jul 15, 2025;10,400.00;10,425.00;10,150.00;10,400.00;10,002.02;12,047,900
Jul 14, 2025;10,325.00;10,425.00;10,200.00;10,400.00;10,002.02;4,153,500
Jul 11, 2025;10,475.00;10,500.00;10,300.00;10,325.00;9,929.89;2,731,600
Jul 10, 2025;10,500.00;10,500.00;10,350.00;10,450.00;10,050.11;3,168,500
Jul 9, 2025;10,525.00;10,550.00;10,075.00;10,525.00;10,122.24;6,547,300
Jul 8, 2025;10,450.00;10,550.00;10,325.00;10,500.00;10,098.20;7,659,400
Jul 7, 2025;10,725.00;10,725.00;10,275.00;10,500.00;10,098.20;5,720,900
Jul 4, 2025;10,750.00;10,800.00;10,550.00;10,650.00;10,242.46;1,376,400
Jul 3, 2025;10,600.00;10,850.00;10,550.00;10,750.00;10,338.63;3,199,900
Jul 2, 2025;250 Dividend ;;;;;
;Dividends on any given ex-date include regular and any special dividends;;;;;
Jul 2, 2025;10,425.00;10,625.00;10,350.00;10,500.00;10,098.20;3,473,000
Jul 1, 2025;10,500.00;10,625.00;10,400.00;10,625.00;9,977.98;4,235,400
Jun 30, 2025;10,350.00;10,550.00;10,200.00;10,500.00;9,860.59;12,168,800
Jun 26, 2025;10,100.00;10,300.00;9,950.00;10,150.00;9,531.90;10,959,700
Jun 25, 2025;10,450.00;10,450.00;10,175.00;10,225.00;9,602.34;2,262,900
Jun 24, 2025;10,200.00;10,375.00;10,175.00;10,225.00;9,602.34;3,624,700
Jun 23, 2025;10,300.00;10,300.00;9,950.00;9,950.00;9,344.08;8,896,600
Jun 20, 2025;10,450.00;10,650.00;10,200.00;10,425.00;9,790.16;14,686,100
Jun 19, 2025;10,675.00;10,675.00;10,400.00;10,450.00;9,813.63;4,446,100
Jun 18, 2025;10,600.00;10,675.00;10,550.00;10,650.00;10,001.46;2,999,200
Jun 17, 2025;10,575.00;10,725.00;10,575.00;10,625.00;9,977.98;2,443,900
Jun 16, 2025;10,600.00;10,750.00;10,550.00;10,575.00;9,931.02;3,557,500
Jun 13, 2025;10,675.00;10,725.00;10,550.00;10,600.00;9,954.50;4,299,100
Jun 12, 2025;10,700.00;10,825.00;10,600.00;10,675.00;10,024.93;4,172,700
Jun 11, 2025;10,700.00;10,750.00;10,550.00;10,700.00;10,048.41;5,451,900
Jun 10, 2025;10,700.00;10,750.00;10,500.00;10,650.00;10,001.46;4,733,600
Jun 5, 2025;10,800.00;10,800.00;10,600.00;10,700.00;10,048.41;1,482,700
Jun 4, 2025;10,825.00;10,825.00;10,600.00;10,825.00;10,165.80;3,186,300
Jun 3, 2025;10,800.00;10,850.00;10,600.00;10,625.00;9,977.98;2,685,000
Jun 2, 2025;10,825.00;10,900.00;10,550.00;10,800.00;10,142.32;10,667,100
May 28, 2025;11,200.00;11,225.00;10,900.00;10,900.00;10,236.23;7,578,200
May 27, 2025;11,075.00;11,225.00;10,950.00;11,125.00;10,447.53;4,928,700
May 26, 2025;10,825.00;11,050.00;10,825.00;11,025.00;10,353.62;4,661,200
May 23, 2025;10,850.00;10,900.00;10,800.00;10,825.00;10,165.80;1,811,100
May 22, 2025;10,825.00;11,000.00;10,725.00;10,800.00;10,142.32;3,175,000
May 21, 2025;10,825.00;10,925.00;10,700.00;10,825.00;10,165.80;4,312,500
May 20, 2025;11,050.00;11,075.00;10,750.00;10,750.00;10,095.37;6,391,600
May 19, 2025;11,100.00;11,100.00;10,925.00;10,950.00;10,283.19;5,847,100
May 16, 2025;11,200.00;11,200.00;10,900.00;11,075.00;10,400.58;7,428,000
May 15, 2025;11,175.00;11,475.00;11,050.00;11,050.00;10,377.10;3,943,900
May 14, 2025;11,425.00;11,425.00;11,050.00;11,175.00;10,494.49;5,245,800
May 9, 2025;11,400.00;11,400.00;11,125.00;11,200.00;10,517.96;2,031,000
May 8, 2025;11,200.00;11,400.00;11,100.00;11,400.00;10,705.78;3,008,000
May 7, 2025;11,350.00;11,400.00;11,075.00;11,075.00;10,400.58;4,410,500
May 6, 2025;11,250.00;11,600.00;11,250.00;11,275.00;10,588.40;4,443,700
May 5, 2025;11,050.00;11,325.00;11,050.00;11,200.00;10,517.96;3,839,600
May 2, 2025;11,350.00;11,350.00;10,550.00;11,000.00;10,330.14;10,223,300
Apr 30, 2025;11,250.00;11,350.00;11,050.00;11,350.00;10,658.83;2,335,600
Apr 29, 2025;11,000.00;11,275.00;10,900.00;11,250.00;10,564.92;2,295,500
Apr 28, 2025;11,025.00;11,075.00;10,850.00;11,000.00;10,330.14;1,094,100
Apr 25, 2025;11,100.00;11,150.00;10,900.00;11,000.00;10,330.14;4,395,500
Apr 24, 2025;10,700.00;11,000.00;10,700.00;11,000.00;10,330.14;4,147,600
Apr 23, 2025;10,475.00;10,750.00;10,400.00;10,700.00;10,048.41;7,661,100
Apr 22, 2025;10,550.00;10,550.00;10,450.00;10,475.00;9,837.11;1,806,100
Apr 21, 2025;10,600.00;10,600.00;10,400.00;10,550.00;9,907.55;1,425,200
Apr 17, 2025;10,250.00;10,750.00;10,100.00;10,600.00;9,954.50;7,789,900
Apr 16, 2025;10,475.00;10,475.00;10,200.00;10,250.00;9,625.81;3,047,800
Apr 15, 2025;10,325.00;10,475.00;10,050.00;10,475.00;9,837.11;5,346,100
Apr 14, 2025;9,925.00;10,350.00;9,925.00;10,325.00;9,696.25;3,364,000
Apr 11, 2025;9,650.00;9,950.00;9,550.00;9,925.00;9,320.61;5,910,000
Apr 10, 2025;9,825.00;10,100.00;9,775.00;10,000.00;9,391.04;6,369,200
Apr 9, 2025;9,700.00;10,075.00;9,450.00;9,575.00;8,991.92;6,675,700
Apr 8, 2025;10,000.00;10,000.00;9,500.00;9,700.00;9,109.31;13,575,500
Mar 27, 2025;10,350.00;10,450.00;10,100.00;10,175.00;9,555.38;6,715,200
Mar 26, 2025;10,450.00;10,575.00;10,300.00;10,550.00;9,907.55;3,818,000
Mar 25, 2025;10,450.00;10,675.00;10,375.00;10,375.00;9,743.20;2,272,600
Mar 24, 2025;10,500.00;10,525.00;9,925.00;10,425.00;9,790.16;8,524,900
Mar 21, 2025;10,600.00;10,725.00;10,475.00;10,575.00;9,931.02;4,579,600
Mar 20, 2025;10,725.00;10,725.00;10,525.00;10,600.00;9,954.50;2,096,000
Mar 19, 2025;10,775.00;10,775.00;10,450.00;10,725.00;10,071.89;3,129,100
Mar 18, 2025;10,950.00;10,950.00;10,525.00;10,825.00;10,165.80;3,133,000
Mar 17, 2025;10,725.00;11,000.00;10,675.00;10,950.00;10,283.19;1,895,300
Mar 14, 2025;11,025.00;11,025.00;10,725.00;10,750.00;10,095.37;2,173,400
Mar 13, 2025;11,000.00;11,075.00;10,775.00;11,000.00;10,330.14;3,685,600
Mar 12, 2025;10,500.00;10,975.00;10,500.00;10,925.00;10,259.71;4,504,800
Mar 11, 2025;10,400.00;10,575.00;10,325.00;10,425.00;9,790.16;1,234,500
Mar 10, 2025;10,550.00;10,725.00;10,475.00;10,600.00;9,954.50;3,750,000
Mar 7, 2025;10,350.00;10,725.00;10,275.00;10,550.00;9,907.55;3,290,700
Mar 6, 2025;10,325.00;10,525.00;10,325.00;10,350.00;9,719.72;3,741,000
Mar 5, 2025;10,600.00;10,650.00;10,400.00;10,400.00;9,766.68;5,465,900
Mar 4, 2025;10,575.00;10,650.00;10,400.00;10,575.00;9,931.02;3,491,200
Mar 3, 2025;10,450.00;10,725.00;10,350.00;10,575.00;9,931.02;3,313,000
Feb 28, 2025;10,275.00;10,575.00;10,200.00;10,450.00;9,813.63;9,319,700
Feb 27, 2025;10,500.00;10,600.00;10,225.00;10,400.00;9,766.68;10,113,900
Feb 26, 2025;11,325.00;11,325.00;10,275.00;10,500.00;9,860.59;10,117,200
Feb 25, 2025;11,875.00;11,875.00;11,325.00;11,325.00;10,635.35;4,676,200
Feb 24, 2025;11,475.00;12,000.00;11,425.00;11,875.00;11,151.86;3,749,400
Feb 21, 2025;11,525.00;11,675.00;11,325.00;11,500.00;10,799.69;4,313,200
Feb 20, 2025;11,675.00;11,700.00;11,425.00;11,550.00;10,846.65;2,565,800
Feb 19, 2025;11,625.00;11,775.00;11,525.00;11,650.00;10,940.56;4,837,300
Feb 18, 2025;11,500.00;11,725.00;11,425.00;11,525.00;10,823.17;4,037,000
Feb 17, 2025;11,525.00;11,650.00;11,450.00;11,500.00;10,799.69;1,815,500
Feb 14, 2025;11,225.00;11,700.00;11,225.00;11,525.00;10,823.17;6,318,600
Feb 13, 2025;11,150.00;11,400.00;11,000.00;11,225.00;10,541.44;3,580,600
Feb 12, 2025;11,200.00;11,225.00;11,025.00;11,150.00;10,471.01;2,337,100
Feb 11, 2025;11,225.00;11,375.00;11,000.00;11,225.00;10,541.44;4,041,900
Feb 10, 2025;11,450.00;11,850.00;11,200.00;11,275.00;10,588.40;6,793,800
Feb 7, 2025;11,075.00;11,400.00;10,800.00;11,375.00;10,682.31;4,344,400
Feb 6, 2025;11,075.00;11,075.00;10,875.00;10,950.00;10,283.19;3,635,900
Feb 5, 2025;11,100.00;11,200.00;10,825.00;10,900.00;10,236.23;4,420,400
Feb 4, 2025;11,425.00;11,425.00;11,025.00;11,100.00;10,424.05;2,543,100
Feb 3, 2025;11,450.00;11,575.00;11,025.00;11,225.00;10,541.44;3,242,900
Jan 31, 2025;11,675.00;11,850.00;11,450.00;11,500.00;10,799.69;2,701,400
Jan 30, 2025;11,425.00;11,650.00;11,375.00;11,575.00;10,870.13;2,052,100
Jan 24, 2025;11,000.00;11,650.00;11,000.00;11,425.00;10,729.26;4,293,800
Jan 23, 2025;11,400.00;11,500.00;11,275.00;11,275.00;10,588.40;2,962,600
Jan 22, 2025;11,200.00;11,475.00;11,100.00;11,375.00;10,682.31;5,640,100
Jan 21, 2025;10,525.00;11,375.00;10,500.00;11,000.00;10,330.14;5,679,300
Jan 20, 2025;10,800.00;10,800.00;10,525.00;10,525.00;9,884.07;2,593,900
Jan 17, 2025;10,900.00;11,050.00;10,700.00;10,825.00;10,165.80;2,690,000
Jan 16, 2025;10,800.00;11,025.00;10,750.00;10,925.00;10,259.71;3,687,800
Jan 15, 2025;10,750.00;10,900.00;10,600.00;10,775.00;10,118.84;4,810,100
Jan 14, 2025;11,100.00;11,100.00;10,750.00;10,750.00;10,095.37;3,999,700
Jan 13, 2025;11,050.00;11,125.00;10,975.00;11,100.00;10,424.05;3,913,400
Jan 10, 2025;11,025.00;11,125.00;10,950.00;11,075.00;10,400.58;2,469,200
Jan 9, 2025;11,100.00;11,100.00;11,025.00;11,025.00;10,353.62;1,495,000
Jan 8, 2025;10,925.00;11,225.00;10,925.00;11,100.00;10,424.05;5,788,600
Jan 7, 2025;11,100.00;11,175.00;10,925.00;10,925.00;10,259.71;3,994,000
Jan 6, 2025;11,375.00;11,375.00;11,150.00;11,175.00;10,494.49;1,981,900
Jan 3, 2025;11,225.00;11,375.00;11,225.00;11,375.00;10,682.31;1,377,300
Jan 2, 2025;11,375.00;11,375.00;11,125.00;11,225.00;10,541.44;846,1
Dec 30, 2024;11,400.00;11,400.00;11,150.00;11,375.00;10,682.31;2,852,100
Dec 27, 2024;11,525.00;11,550.00;11,325.00;11,425.00;10,729.26;5,274,600
Dec 24, 2024;11,425.00;11,625.00;11,125.00;11,575.00;10,870.13;1,809,000
Dec 23, 2024;11,250.00;11,475.00;11,250.00;11,425.00;10,729.26;2,328,700
Dec 20, 2024;11,275.00;11,400.00;11,050.00;11,250.00;10,564.92;3,806,300
Dec 19, 2024;11,375.00;11,375.00;10,925.00;11,200.00;10,517.96;7,376,500
Dec 18, 2024;11,500.00;11,550.00;11,150.00;11,325.00;10,635.35;7,023,500
Dec 17, 2024;11,600.00;11,725.00;11,425.00;11,525.00;10,823.17;3,251,800
Dec 16, 2024;11,850.00;11,900.00;11,725.00;11,800.00;11,081.42;3,537,900
Dec 13, 2024;11,625.00;11,925.00;11,625.00;11,850.00;11,128.38;4,752,600
Dec 12, 2024;11,625.00;11,650.00;11,400.00;11,600.00;10,893.60;3,262,700
Dec 11, 2024;11,650.00;11,800.00;11,650.00;11,725.00;11,010.99;3,453,500
Dec 10, 2024;11,775.00;11,800.00;11,600.00;11,725.00;11,010.99;3,743,300
Dec 9, 2024;11,800.00;11,800.00;11,700.00;11,775.00;11,057.95;4,161,700
Dec 6, 2024;11,900.00;11,900.00;11,775.00;11,825.00;11,104.90;1,582,600
Dec 5, 2024;11,825.00;11,950.00;11,775.00;11,900.00;11,175.34;4,593,600
Dec 4, 2024;11,800.00;11,925.00;11,775.00;11,800.00;11,081.42;4,248,900
Dec 3, 2024;11,925.00;11,975.00;11,725.00;11,925.00;11,198.81;6,398,300
Dec 2, 2024;11,700.00;12,000.00;11,700.00;11,850.00;11,128.38;4,943,400
Nov 29, 2024;11,975.00;12,025.00;11,825.00;11,900.00;11,175.34;4,519,900
Nov 28, 2024;11,975.00;11,975.00;11,650.00;11,900.00;11,175.34;3,166,900
Nov 26, 2024;12,175.00;12,175.00;11,900.00;11,975.00;11,245.77;4,931,800
Nov 25, 2024;12,000.00;12,050.00;11,800.00;11,950.00;11,222.29;9,711,300
Nov 22, 2024;12,075.00;12,225.00;11,925.00;12,000.00;11,269.25;7,267,400
Nov 21, 2024;11,800.00;11,900.00;11,675.00;11,800.00;11,081.42;4,577,300
Nov 20, 2024;11,925.00;11,925.00;11,650.00;11,800.00;11,081.42;2,082,200
Nov 19, 2024;11,975.00;12,025.00;11,775.00;11,900.00;11,175.34;5,336,100
Nov 18, 2024;11,750.00;12,025.00;11,750.00;11,975.00;11,245.77;2,830,700
Nov 15, 2024;11,450.00;11,725.00;11,450.00;11,675.00;10,964.04;3,792,500
Nov 14, 2024;11,850.00;11,850.00;11,450.00;11,450.00;10,752.74;5,482,800
Nov 13, 2024;11,850.00;12,000.00;11,800.00;11,850.00;11,128.38;4,027,500
Nov 12, 2024;11,950.00;12,075.00;11,825.00;11,850.00;11,128.38;3,318,200
Nov 11, 2024;12,000.00;12,000.00;11,650.00;11,950.00;11,222.29;3,367,300
Nov 8, 2024;12,075.00;12,175.00;12,000.00;12,100.00;11,363.16;2,920,900
Nov 7, 2024;12,200.00;12,250.00;11,800.00;12,075.00;11,339.68;7,684,900
Nov 6, 2024;12,500.00;12,500.00;12,050.00;12,150.00;11,410.11;4,396,900
Nov 5, 2024;12,500.00;12,600.00;12,300.00;12,600.00;11,832.71;3,941,300
Nov 4, 2024;12,175.00;12,500.00;11,950.00;12,325.00;11,574.46;3,534,000
Nov 1, 2024;12,425.00;12,450.00;12,100.00;12,100.00;11,363.16;4,011,200
Oct 31, 2024;12,450.00;12,450.00;12,300.00;12,325.00;11,574.46;2,305,900
Oct 30, 2024;12,600.00;12,600.00;12,350.00;12,450.00;11,691.84;3,915,400
Oct 29, 2024;12,650.00;12,675.00;12,550.00;12,575.00;11,809.23;1,739,200
Oct 28, 2024;12,575.00;12,650.00;12,500.00;12,650.00;11,879.66;2,159,300
Oct 25, 2024;12,550.00;12,850.00;12,525.00;12,650.00;11,879.66;3,657,800
Oct 24, 2024;12,600.00;12,675.00;12,500.00;12,525.00;11,762.28;1,918,300
Oct 23, 2024;12,500.00;12,650.00;12,500.00;12,600.00;11,832.71;3,484,200
Oct 22, 2024;12,600.00;12,675.00;12,425.00;12,525.00;11,762.28;2,545,600
Oct 21, 2024;12,800.00;12,800.00;12,500.00;12,500.00;11,738.80;3,698,000
Oct 18, 2024;12,625.00;12,850.00;12,400.00;12,800.00;12,020.53;5,069,700
Oct 17, 2024;12,500.00;12,650.00;12,350.00;12,500.00;11,738.80;5,359,100
Oct 16, 2024;12,750.00;12,750.00;12,225.00;12,500.00;11,738.80;3,719,000
Oct 15, 2024;12,350.00;12,625.00;12,325.00;12,575.00;11,809.23;4,111,700
Oct 14, 2024;12,250.00;12,500.00;12,150.00;12,350.00;11,597.93;3,228,200
Oct 11, 2024;12,500.00;12,500.00;12,075.00;12,250.00;11,504.02;4,363,700
Oct 10, 2024;12,075.00;12,225.00;12,025.00;12,050.00;11,316.20;1,908,600
Oct 9, 2024;12,200.00;12,275.00;12,050.00;12,075.00;11,339.68;4,270,800
Oct 8, 2024;12,000.00;12,350.00;11,925.00;12,300.00;11,550.98;5,779,300
Oct 7, 2024;12,050.00;12,150.00;11,725.00;12,000.00;11,269.25;4,128,800
Oct 4, 2024;12,000.00;12,250.00;11,925.00;12,125.00;11,386.63;5,569,800
Oct 3, 2024;12,250.00;12,250.00;11,950.00;12,000.00;11,269.25;10,296,200
Oct 2, 2024;12,275.00;12,400.00;12,025.00;12,200.00;11,457.07;8,171,200
Oct 1, 2024;12,325.00;12,575.00;12,100.00;12,450.00;11,691.84;6,887,000
Sep 30, 2024;12,650.00;12,650.00;12,325.00;12,325.00;11,574.46;7,362,100
Sep 27, 2024;12,800.00;12,800.00;12,475.00;12,650.00;11,879.66;7,139,400
Sep 26, 2024;12,650.00;12,875.00;12,450.00;12,775.00;11,997.05;12,978,300
Sep 25, 2024;12,500.00;12,500.00;12,125.00;12,450.00;11,691.84;7,539,700
Sep 24, 2024;12,325.00;12,725.00;12,250.00;12,425.00;11,668.37;12,381,000
Sep 23, 2024;12,125.00;12,300.00;12,000.00;12,200.00;11,457.07;5,239,500
Sep 20, 2024;11,725.00;12,350.00;11,725.00;12,000.00;11,269.25;11,064,700
Sep 19, 2024;11,525.00;11,800.00;11,450.00;11,700.00;10,987.52;7,514,700
Sep 18, 2024;11,375.00;11,525.00;11,375.00;11,500.00;10,799.69;1,922,500
Sep 17, 2024;11,425.00;11,450.00;11,325.00;11,400.00;10,705.78;3,279,400
Sep 13, 2024;11,375.00;11,450.00;11,325.00;11,325.00;10,635.35;4,657,400
Sep 12, 2024;11,475.00;11,625.00;11,475.00;11,475.00;10,776.22;2,736,700
Sep 11, 2024;11,575.00;11,600.00;11,525.00;11,575.00;10,870.13;3,358,600
Sep 10, 2024;11,675.00;11,675.00;11,550.00;11,575.00;10,870.13;4,439,800
Sep 9, 2024;11,450.00;11,600.00;11,200.00;11,600.00;10,893.60;8,829,500
Sep 6, 2024;11,525.00;11,700.00;11,450.00;11,450.00;10,752.74;4,077,500
Sep 5, 2024;11,450.00;11,725.00;11,450.00;11,650.00;10,940.56;7,236,600
Sep 4, 2024;11,075.00;11,425.00;11,075.00;11,400.00;10,705.78;6,155,200
Sep 3, 2024;11,425.00;11,450.00;11,275.00;11,375.00;10,682.31;4,461,700
Sep 2, 2024;11,400.00;11,550.00;11,375.00;11,500.00;10,799.69;7,506,100
Aug 30, 2024;11,200.00;11,475.00;11,200.00;11,475.00;10,776.22;7,521,300
Aug 29, 2024;11,500.00;11,550.00;11,400.00;11,400.00;10,705.78;3,988,700
Aug 28, 2024;11,475.00;11,575.00;11,375.00;11,400.00;10,705.78;4,722,500
Aug 27, 2024;11,425.00;11,500.00;11,325.00;11,425.00;10,729.26;4,355,700
Aug 26, 2024;11,300.00;11,425.00;11,150.00;11,400.00;10,705.78;6,606,600
Aug 23, 2024;11,350.00;11,500.00;11,350.00;11,475.00;10,776.22;4,846,300
Aug 22, 2024;11,350.00;11,475.00;11,250.00;11,350.00;10,658.83;4,855,400
Aug 21, 2024;11,500.00;11,500.00;11,350.00;11,450.00;10,752.74;2,674,000
Aug 20, 2024;11,400.00;11,500.00;11,275.00;11,425.00;10,729.26;9,564,900
Aug 19, 2024;11,300.00;11,400.00;11,275.00;11,400.00;10,705.78;5,734,300
Aug 16, 2024;11,425.00;11,425.00;11,100.00;11,375.00;10,682.31;5,379,900
Aug 15, 2024;11,375.00;11,375.00;11,200.00;11,275.00;10,588.40;3,778,300
Aug 14, 2024;11,100.00;11,550.00;11,100.00;11,350.00;10,658.83;9,082,000
Aug 13, 2024;11,200.00;11,200.00;11,025.00;11,175.00;10,494.49;5,104,600
Aug 12, 2024;11,200.00;11,200.00;10,950.00;11,000.00;10,330.14;3,494,700
Aug 9, 2024;11,000.00;11,250.00;11,000.00;11,200.00;10,517.96;4,031,800
Aug 8, 2024;11,050.00;11,125.00;10,775.00;10,975.00;10,306.67;5,063,700
Aug 7, 2024;11,000.00;11,150.00;10,950.00;11,050.00;10,377.10;5,618,600
Aug 6, 2024;11,000.00;11,100.00;10,900.00;11,000.00;10,330.14;7,517,800
Aug 5, 2024;11,000.00;11,275.00;10,675.00;10,900.00;10,236.23;10,163,800
Aug 2, 2024;11,000.00;11,250.00;11,000.00;11,175.00;10,494.49;7,335,300
Aug 1, 2024;11,000.00;11,125.00;10,975.00;11,000.00;10,330.14;6,655,400
Jul 31, 2024;10,950.00;10,950.00;10,875.00;10,925.00;10,259.71;2,971,700
Jul 30, 2024;10,950.00;10,950.00;10,800.00;10,900.00;10,236.23;2,399,400
Jul 29, 2024;10,900.00;10,950.00;10,750.00;10,825.00;10,165.80;5,727,200
Jul 26, 2024;10,875.00;11,000.00;10,775.00;10,850.00;10,189.28;6,806,800
Jul 25, 2024;10,800.00;10,875.00;10,650.00;10,850.00;10,189.28;3,684,200
Jul 24, 2024;10,725.00;10,850.00;10,650.00;10,800.00;10,142.32;2,054,400
Jul 23, 2024;10,825.00;11,000.00;10,725.00;10,725.00;10,071.89;4,947,600
Jul 22, 2024;10,900.00;10,950.00;10,700.00;10,900.00;10,236.23;2,848,600
Jul 19, 2024;10,700.00;10,800.00;10,600.00;10,800.00;10,142.32;4,951,000
Jul 18, 2024;10,750.00;10,800.00;10,650.00;10,750.00;10,095.37;3,682,500
Jul 17, 2024;10,550.00;10,875.00;10,525.00;10,750.00;10,095.37;9,906,800
Jul 16, 2024;10,600.00;10,600.00;10,350.00;10,475.00;9,837.11;1,382,300
Jul 15, 2024;10,375.00;10,575.00;10,300.00;10,575.00;9,931.02;3,988,500
Jul 12, 2024;10,375.00;10,550.00;10,300.00;10,375.00;9,743.20;1,985,800
Jul 11, 2024;10,325.00;10,350.00;10,250.00;10,300.00;9,672.77;3,371,100
Jul 10, 2024;10,325.00;10,325.00;10,200.00;10,300.00;9,672.77;3,171,100
Jul 9, 2024;200 Dividend ;;;;;
;Dividends on any given ex-date include regular and any special dividends;;;;;
Jul 9, 2024;10,300.00;10,425.00;10,225.00;10,325.00;9,696.25;10,883,600
Jul 8, 2024;10,275.00;10,400.00;10,275.00;10,400.00;9,578.86;6,163,500
Jul 5, 2024;10,250.00;10,275.00;10,175.00;10,275.00;9,463.73;2,943,200
Jul 4, 2024;10,275.00;10,350.00;10,175.00;10,225.00;9,417.68;3,803,000
Jul 3, 2024;10,275.00;10,275.00;10,150.00;10,275.00;9,463.73;5,316,900
Jul 2, 2024;10,300.00;10,300.00;10,100.00;10,250.00;9,440.70;3,564,300
Jul 1, 2024;10,300.00;10,400.00;10,175.00;10,300.00;9,486.76;2,453,800
Jun 28, 2024;10,350.00;10,400.00;10,275.00;10,300.00;9,486.76;6,499,600
Jun 27, 2024;10,425.00;10,600.00;10,325.00;10,500.00;9,670.96;5,913,800
Jun 26, 2024;10,200.00;10,450.00;10,150.00;10,375.00;9,555.83;4,923,000
Jun 25, 2024;10,300.00;10,325.00;10,125.00;10,125.00;9,325.57;3,239,400
Jun 24, 2024;10,325.00;10,375.00;10,175.00;10,300.00;9,486.76;1,715,900
Jun 21, 2024;10,175.00;10,325.00;10,025.00;10,300.00;9,486.76;8,739,800
Jun 20, 2024;10,200.00;10,225.00;10,000.00;10,175.00;9,371.62;7,627,200
Jun 19, 2024;10,500.00;10,500.00;10,150.00;10,200.00;9,394.65;6,183,700
Jun 14, 2024;10,675.00;10,725.00;10,400.00;10,500.00;9,670.96;7,605,600
Jun 13, 2024;10,600.00;10,750.00;10,575.00;10,675.00;9,832.15;4,244,200
Jun 12, 2024;10,600.00;10,650.00;10,500.00;10,575.00;9,740.04;4,456,800
Jun 11, 2024;10,400.00;10,600.00;10,400.00;10,550.00;9,717.02;2,464,400
Jun 10, 2024;10,575.00;10,650.00;10,400.00;10,500.00;9,670.96;3,375,400
Jun 7, 2024;10,600.00;10,650.00;10,450.00;10,575.00;9,740.04;2,828,600
Jun 6, 2024;10,500.00;10,600.00;10,375.00;10,600.00;9,763.07;3,304,700
Jun 5, 2024;10,450.00;10,525.00;10,350.00;10,450.00;9,624.91;3,586,600
Jun 4, 2024;10,275.00;10,475.00;10,250.00;10,325.00;9,509.78;2,538,200
Jun 3, 2024;9,875.00;10,425.00;9,875.00;10,200.00;9,394.65;7,155,200
May 31, 2024;10,275.00;10,425.00;9,750.00;9,750.00;8,980.18;13,874,400
May 30, 2024;10,425.00;10,425.00;10,125.00;10,150.00;9,348.60;6,573,700
May 29, 2024;10,600.00;10,600.00;10,375.00;10,425.00;9,601.89;2,905,300
May 28, 2024;10,475.00;10,775.00;10,450.00;10,600.00;9,763.07;4,378,100
May 27, 2024;10,400.00;10,475.00;10,150.00;10,425.00;9,601.89;4,798,800
May 22, 2024;10,500.00;10,600.00;10,375.00;10,475.00;9,647.94;3,951,100
May 21, 2024;10,550.00;10,575.00;10,350.00;10,400.00;9,578.86;3,604,100
May 20, 2024;10,600.00;10,725.00;10,450.00;10,500.00;9,670.96;2,328,300
May 17, 2024;10,575.00;10,750.00;10,450.00;10,550.00;9,717.02;4,102,700
May 16, 2024;10,700.00;10,900.00;10,500.00;10,575.00;9,740.04;4,835,200
May 15, 2024;10,300.00;10,600.00;10,175.00;10,600.00;9,763.07;5,442,200
May 14, 2024;10,300.00;10,400.00;10,200.00;10,300.00;9,486.76;8,204,800
May 13, 2024;10,600.00;10,600.00;10,025.00;10,300.00;9,486.76;7,265,800
May 8, 2024;10,825.00;10,850.00;10,575.00;10,775.00;9,924.25;4,333,600
May 7, 2024;10,900.00;10,925.00;10,650.00;10,775.00;9,924.25;2,877,500
May 6, 2024;11,150.00;11,150.00;10,750.00;10,850.00;9,993.33;2,850,400
May 3, 2024;10,475.00;10,850.00;10,325.00;10,850.00;9,993.33;3,524,800
May 2, 2024;10,875.00;10,875.00;10,300.00;10,475.00;9,647.94;5,930,000
Apr 30, 2024;10,700.00;10,975.00;10,700.00;10,875.00;10,016.35;6,660,300
Apr 29, 2024;10,750.00;10,800.00;10,575.00;10,675.00;9,832.15;4,497,500
Apr 26, 2024;10,700.00;10,775.00;10,550.00;10,600.00;9,763.07;4,076,200
Apr 25, 2024;10,275.00;10,925.00;10,100.00;10,700.00;9,855.17;16,918,500
Apr 24, 2024;9,925.00;10,225.00;9,925.00;10,175.00;9,371.62;8,075,100
Apr 23, 2024;9,825.00;10,025.00;9,825.00;9,925.00;9,141.36;5,539,400
Apr 22, 2024;9,850.00;9,975.00;9,650.00;9,800.00;9,026.23;8,329,600
Apr 19, 2024;9,975.00;10,000.00;9,600.00;9,725.00;8,957.15;11,496,400
Apr 18, 2024;10,150.00;10,175.00;9,800.00;10,100.00;9,302.54;11,022,600
Apr 17, 2024;10,050.00;10,300.00;10,050.00;10,150.00;9,348.60;14,369,100
Apr 16, 2024;10,300.00;10,625.00;10,075.00;10,100.00;9,302.54;18,880,100
Apr 5, 2024;11,050.00;11,050.00;10,850.00;10,850.00;9,993.33;2,242,100
Apr 4, 2024;11,000.00;11,100.00;10,950.00;11,025.00;10,154.51;2,527,700
Apr 3, 2024;11,200.00;11,200.00;10,925.00;11,000.00;10,131.49;2,469,800
Apr 2, 2024;11,250.00;11,250.00;11,025.00;11,200.00;10,315.69;4,363,900
Apr 1, 2024;11,375.00;11,375.00;11,000.00;11,225.00;10,338.72;5,789,500
Mar 28, 2024;11,025.00;11,600.00;10,850.00;11,600.00;10,684.11;8,583,800
Mar 27, 2024;10,875.00;11,150.00;10,875.00;11,000.00;10,131.49;5,181,700
Mar 26, 2024;11,000.00;11,000.00;10,350.00;10,850.00;9,993.33;17,108,300
Mar 25, 2024;11,300.00;11,300.00;11,025.00;11,200.00;10,315.69;4,031,700
Mar 22, 2024;11,000.00;11,125.00;10,900.00;11,125.00;10,246.62;4,113,600
Mar 21, 2024;11,225.00;11,225.00;10,950.00;10,950.00;10,085.43;8,369,200
Mar 20, 2024;11,000.00;11,225.00;10,975.00;11,225.00;10,338.72;4,770,900
Mar 19, 2024;10,900.00;11,225.00;10,750.00;11,000.00;10,131.49;12,233,400
Mar 18, 2024;10,750.00;10,950.00;10,750.00;10,850.00;9,993.33;9,332,700
Mar 15, 2024;10,750.00;10,800.00;10,600.00;10,725.00;9,878.20;15,472,200
Mar 14, 2024;10,725.00;10,900.00;10,650.00;10,900.00;10,039.38;9,405,800
Mar 13, 2024;10,750.00;10,850.00;10,600.00;10,725.00;9,878.20;13,549,200
Mar 8, 2024;10,600.00;10,900.00;10,600.00;10,775.00;9,924.25;10,088,700
Mar 7, 2024;11,150.00;11,150.00;10,700.00;10,700.00;9,855.17;14,189,000
Mar 6, 2024;11,350.00;11,350.00;11,100.00;11,150.00;10,269.64;4,603,700
Mar 5, 2024;11,450.00;11,475.00;11,350.00;11,375.00;10,476.88;3,559,500
Mar 4, 2024;11,625.00;11,625.00;11,450.00;11,450.00;10,545.96;3,310,000
Mar 1, 2024;11,475.00;11,625.00;11,475.00;11,625.00;10,707.14;9,250,500
Feb 29, 2024;11,600.00;11,625.00;11,450.00;11,550.00;10,638.06;5,965,900
Feb 28, 2024;11,600.00;11,625.00;11,550.00;11,600.00;10,684.11;1,213,000
Feb 27, 2024;11,550.00;11,650.00;11,500.00;11,600.00;10,684.11;3,928,400
Feb 26, 2024;11,575.00;11,650.00;11,475.00;11,550.00;10,638.06;2,626,300
Feb 23, 2024;11,650.00;11,650.00;11,450.00;11,550.00;10,638.06;4,537,500
Feb 22, 2024;11,525.00;11,625.00;11,475.00;11,600.00;10,684.11;4,281,600
Feb 21, 2024;11,550.00;11,550.00;11,325.00;11,475.00;10,568.98;4,232,000
Feb 20, 2024;11,575.00;11,650.00;11,450.00;11,550.00;10,638.06;4,743,300
Feb 19, 2024;11,450.00;11,650.00;11,400.00;11,575.00;10,661.09;3,107,400
Feb 16, 2024;11,650.00;11,675.00;11,425.00;11,450.00;10,545.96;6,008,600
Feb 15, 2024;11,625.00;11,750.00;11,625.00;11,650.00;10,730.17;6,995,500
Feb 13, 2024;11,650.00;11,650.00;11,375.00;11,375.00;10,476.88;5,869,200
Feb 12, 2024;11,500.00;11,650.00;11,425.00;11,650.00;10,730.17;6,509,900
Feb 7, 2024;11,575.00;11,575.00;11,425.00;11,425.00;10,522.93;2,784,200
Feb 6, 2024;11,500.00;11,550.00;11,450.00;11,525.00;10,615.03;2,815,200
Feb 5, 2024;11,575.00;11,575.00;11,425.00;11,475.00;10,568.98;2,374,000
Feb 2, 2024;11,550.00;11,725.00;11,425.00;11,575.00;10,661.09;6,564,300
Feb 1, 2024;11,625.00;11,775.00;11,375.00;11,575.00;10,661.09;7,741,600
Jan 31, 2024;11,225.00;11,825.00;11,225.00;11,775.00;10,845.29;16,694,400
Jan 30, 2024;11,400.00;11,425.00;11,200.00;11,225.00;10,338.72;3,672,600
Jan 29, 2024;11,450.00;11,500.00;11,375.00;11,400.00;10,499.90;2,404,000
Jan 26, 2024;11,600.00;11,625.00;11,275.00;11,450.00;10,545.96;5,350,200
Jan 25, 2024;11,400.00;11,500.00;11,400.00;11,400.00;10,499.90;4,040,000
Jan 24, 2024;11,400.00;11,525.00;11,325.00;11,400.00;10,499.90;3,733,500
Jan 23, 2024;11,400.00;11,400.00;11,225.00;11,375.00;10,476.88;3,755,700
Jan 22, 2024;11,600.00;11,625.00;11,200.00;11,400.00;10,499.90;6,162,800
Jan 19, 2024;11,375.00;11,625.00;11,300.00;11,550.00;10,638.06;9,591,900
Jan 18, 2024;11,175.00;11,350.00;11,075.00;11,275.00;10,384.77;5,651,900
Jan 17, 2024;11,075.00;11,125.00;11,000.00;11,125.00;10,246.62;2,865,600
Jan 16, 2024;11,125.00;11,250.00;11,050.00;11,075.00;10,200.56;3,301,700
Jan 15, 2024;11,200.00;11,350.00;11,100.00;11,125.00;10,246.62;3,546,600
Jan 12, 2024;11,025.00;11,175.00;11,025.00;11,175.00;10,292.67;1,897,600
Jan 11, 2024;11,350.00;11,350.00;11,100.00;11,125.00;10,246.62;3,633,700
Jan 10, 2024;11,075.00;11,375.00;10,975.00;11,350.00;10,453.85;7,536,000
Jan 9, 2024;10,800.00;11,075.00;10,800.00;11,025.00;10,154.51;4,437,300
Jan 8, 2024;10,725.00;10,925.00;10,675.00;10,750.00;9,901.22;3,206,700
Jan 5, 2024;11,025.00;11,025.00;10,725.00;10,725.00;9,878.20;3,438,400
Jan 4, 2024;10,675.00;11,150.00;10,650.00;11,050.00;10,177.54;6,276,400
Jan 3, 2024;10,650.00;10,675.00;10,600.00;10,625.00;9,786.09;803,1
Jan 2, 2024;10,575.00;10,650.00;10,550.00;10,650.00;9,809.12;3,555,400
Dec 29, 2023;10,675.00;10,800.00;10,575.00;10,575.00;9,740.04;4,680,900
Dec 28, 2023;10,625.00;10,825.00;10,600.00;10,650.00;9,809.12;3,160,100
Dec 27, 2023;10,525.00;10,675.00;10,525.00;10,575.00;9,740.04;1,530,000
Dec 22, 2023;10,575.00;10,625.00;10,475.00;10,525.00;9,693.99;1,311,300
Dec 21, 2023;10,575.00;10,650.00;10,550.00;10,550.00;9,717.02;1,724,900
Dec 20, 2023;10,575.00;10,675.00;10,575.00;10,575.00;9,740.04;1,858,400
Dec 19, 2023;10,650.00;10,675.00;10,525.00;10,575.00;9,740.04;1,511,400
Dec 18, 2023;10,450.00;10,600.00;10,375.00;10,600.00;9,763.07;6,538,900
Dec 15, 2023;10,575.00;10,675.00;10,425.00;10,425.00;9,601.89;8,340,900
Dec 14, 2023;10,400.00;10,675.00;10,400.00;10,575.00;9,740.04;2,834,700
Dec 13, 2023;10,625.00;10,675.00;10,500.00;10,550.00;9,717.02;3,286,000
Dec 12, 2023;10,525.00;10,725.00;10,500.00;10,625.00;9,786.09;2,993,100
Dec 11, 2023;10,900.00;10,925.00;10,475.00;10,525.00;9,693.99;6,701,100
Dec 8, 2023;10,675.00;10,975.00;10,675.00;10,975.00;10,108.46;5,209,000
Dec 7, 2023;10,650.00;10,725.00;10,525.00;10,650.00;9,809.12;3,033,800
Dec 6, 2023;10,675.00;10,950.00;10,550.00;10,650.00;9,809.12;4,963,900
Dec 5, 2023;10,525.00;10,675.00;10,450.00;10,675.00;9,832.15;2,323,900
Dec 4, 2023;10,575.00;10,600.00;10,350.00;10,500.00;9,670.96;10,072,200
Dec 1, 2023;10,675.00;10,750.00;10,475.00;10,525.00;9,693.99;7,478,900
Nov 30, 2023;10,350.00;11,550.00;10,275.00;11,550.00;10,638.06;14,781,100
Nov 29, 2023;10,650.00;10,700.00;10,400.00;10,500.00;9,670.96;4,096,900
Nov 28, 2023;10,675.00;10,750.00;10,550.00;10,650.00;9,809.12;4,504,400
Nov 27, 2023;10,425.00;10,725.00;10,425.00;10,650.00;9,809.12;3,045,400
Nov 24, 2023;10,550.00;10,550.00;10,400.00;10,425.00;9,601.89;1,244,800
Nov 23, 2023;10,525.00;10,650.00;10,475.00;10,550.00;9,717.02;3,034,500
Nov 22, 2023;10,500.00;10,550.00;10,400.00;10,500.00;9,670.96;2,170,800
Nov 21, 2023;10,525.00;10,525.00;10,400.00;10,500.00;9,670.96;2,778,800
Nov 20, 2023;10,475.00;10,550.00;10,450.00;10,525.00;9,693.99;972,5
Nov 17, 2023;10,625.00;10,625.00;10,350.00;10,475.00;9,647.94;4,270,900
Nov 16, 2023;10,575.00;10,575.00;10,400.00;10,575.00;9,740.04;5,186,400
Nov 15, 2023;10,475.00;10,650.00;10,475.00;10,575.00;9,740.04;3,453,900
Nov 14, 2023;10,350.00;10,500.00;10,250.00;10,450.00;9,624.91;6,893,000
Nov 13, 2023;10,575.00;10,675.00;10,375.00;10,375.00;9,555.83;2,206,900
Nov 10, 2023;10,500.00;10,575.00;10,400.00;10,575.00;9,740.04;2,215,700
Nov 9, 2023;10,475.00;10,650.00;10,450.00;10,450.00;9,624.91;2,166,300
Nov 8, 2023;10,500.00;10,500.00;10,250.00;10,475.00;9,647.94;5,589,900
Nov 7, 2023;10,500.00;10,525.00;10,325.00;10,475.00;9,647.94;5,949,700
Nov 6, 2023;10,450.00;10,500.00;10,275.00;10,475.00;9,647.94;4,923,200
Nov 3, 2023;10,325.00;10,550.00;10,200.00;10,450.00;9,624.91;4,688,400
Nov 2, 2023;10,375.00;10,575.00;10,250.00;10,350.00;9,532.81;4,731,600
Nov 1, 2023;10,325.00;10,550.00;10,075.00;10,375.00;9,555.83;13,173,300
Oct 31, 2023;10,500.00;10,500.00;10,125.00;10,350.00;9,532.81;4,549,800
Oct 30, 2023;10,525.00;10,525.00;10,375.00;10,525.00;9,693.99;3,187,000
Oct 27, 2023;10,275.00;10,550.00;10,175.00;10,525.00;9,693.99;5,503,300
Oct 26, 2023;10,450.00;10,600.00;10,225.00;10,275.00;9,463.73;6,579,200
Oct 25, 2023;10,725.00;10,775.00;10,450.00;10,450.00;9,624.91;3,907,400
Oct 24, 2023;10,600.00;10,825.00;10,525.00;10,800.00;9,947.28;5,166,900
Oct 23, 2023;10,650.00;10,725.00;10,450.00;10,500.00;9,670.96;4,213,500
Oct 20, 2023;10,475.00;10,775.00;10,450.00;10,600.00;9,763.07;3,439,700
Oct 19, 2023;10,625.00;10,700.00;10,225.00;10,425.00;9,601.89;11,233,800
Oct 18, 2023;10,900.00;10,900.00;10,625.00;10,625.00;9,786.09;5,680,900
Oct 17, 2023;10,925.00;10,975.00;10,800.00;10,900.00;10,039.38;4,515,200
Oct 16, 2023;11,000.00;11,000.00;10,750.00;10,900.00;10,039.38;2,385,800
Oct 13, 2023;10,975.00;11,100.00;10,875.00;10,875.00;10,016.35;2,727,400
Oct 12, 2023;10,800.00;11,150.00;10,775.00;10,975.00;10,108.46;6,821,900
Oct 11, 2023;10,850.00;10,975.00;10,700.00;10,700.00;9,855.17;6,408,300
Oct 10, 2023;11,100.00;11,100.00;10,850.00;10,850.00;9,993.33;5,032,600
Oct 9, 2023;11,400.00;11,400.00;11,075.00;11,100.00;10,223.59;4,360,800
Oct 6, 2023;11,625.00;11,700.00;11,450.00;11,500.00;10,592.01;4,721,300
Oct 5, 2023;11,275.00;11,675.00;11,250.00;11,625.00;10,707.14;12,755,300
Oct 4, 2023;10,950.00;11,200.00;10,850.00;11,200.00;10,315.69;9,283,000
Oct 3, 2023;11,125.00;11,175.00;10,950.00;10,950.00;10,085.43;4,392,200
Oct 2, 2023;11,100.00;11,200.00;11,050.00;11,100.00;10,223.59;3,048,800
Sep 29, 2023;11,175.00;11,175.00;10,900.00;11,075.00;10,200.56;3,978,700
Sep 27, 2023;11,225.00;11,225.00;10,975.00;11,000.00;10,131.49;2,605,000
Sep 26, 2023;11,275.00;11,275.00;11,025.00;11,175.00;10,292.67;3,475,600
Sep 25, 2023;11,425.00;11,450.00;11,200.00;11,250.00;10,361.75;2,726,800
Sep 22, 2023;11,200.00;11,450.00;11,200.00;11,350.00;10,453.85;8,580,400
Sep 21, 2023;10,825.00;11,200.00;10,750.00;11,200.00;10,315.69;5,964,300
Sep 20, 2023;10,825.00;11,050.00;10,800.00;10,850.00;9,993.33;4,337,500
Sep 19, 2023;10,700.00;10,875.00;10,700.00;10,825.00;9,970.30;3,828,900
Sep 18, 2023;10,850.00;10,975.00;10,700.00;10,850.00;9,993.33;4,752,900
Sep 15, 2023;11,000.00;11,050.00;10,700.00;10,975.00;10,108.46;8,271,100
Sep 14, 2023;11,200.00;11,225.00;11,000.00;11,000.00;10,131.49;4,753,700
Sep 13, 2023;11,200.00;11,200.00;11,100.00;11,200.00;10,315.69;3,169,500
Sep 12, 2023;11,175.00;11,200.00;11,100.00;11,200.00;10,315.69;3,767,200
Sep 11, 2023;11,125.00;11,225.00;11,050.00;11,175.00;10,292.67;3,452,600
Sep 8, 2023;11,200.00;11,350.00;11,025.00;11,125.00;10,246.62;5,514,100
Sep 7, 2023;11,075.00;11,200.00;11,075.00;11,200.00;10,315.69;4,889,200
Sep 6, 2023;11,150.00;11,250.00;10,950.00;11,050.00;10,177.54;4,817,600
Sep 5, 2023;11,200.00;11,275.00;11,125.00;11,175.00;10,292.67;2,295,000
Sep 4, 2023;11,200.00;11,400.00;11,175.00;11,200.00;10,315.69;4,055,000
Sep 1, 2023;11,200.00;11,275.00;11,050.00;11,200.00;10,315.69;4,602,100
Aug 31, 2023;11,225.00;11,250.00;11,125.00;11,200.00;10,315.69;10,231,100
Aug 30, 2023;11,375.00;11,375.00;11,250.00;11,250.00;10,361.75;3,638,000
Aug 29, 2023;11,325.00;11,425.00;11,275.00;11,375.00;10,476.88;3,082,600
Aug 28, 2023;11,425.00;11,425.00;11,225.00;11,300.00;10,407.80;2,836,900
Aug 25, 2023;11,350.00;11,425.00;11,225.00;11,425.00;10,522.93;2,972,100
Aug 24, 2023;11,500.00;11,500.00;11,350.00;11,350.00;10,453.85;2,938,500
Aug 23, 2023;11,525.00;11,525.00;11,400.00;11,500.00;10,592.01;5,173,500
Aug 22, 2023;11,700.00;11,700.00;11,475.00;11,525.00;10,615.03;2,811,800
Aug 21, 2023;11,725.00;11,775.00;11,600.00;11,675.00;10,753.19;4,556,600
Aug 18, 2023;11,650.00;11,700.00;11,500.00;11,700.00;10,776.22;6,270,900
Aug 16, 2023;11,550.00;11,700.00;11,450.00;11,675.00;10,753.19;5,716,100
Aug 15, 2023;11,400.00;11,500.00;11,350.00;11,475.00;10,568.98;4,388,600
Aug 14, 2023;11,500.00;11,500.00;11,300.00;11,400.00;10,499.90;4,849,400
Aug 11, 2023;11,450.00;11,525.00;11,300.00;11,475.00;10,568.98;5,047,600
Aug 10, 2023;11,200.00;11,450.00;11,125.00;11,450.00;10,545.96;7,467,000
Aug 9, 2023;11,225.00;11,225.00;11,025.00;11,100.00;10,223.59;2,993,400
Aug 8, 2023;11,125.00;11,250.00;11,100.00;11,150.00;10,269.64;3,765,300
Aug 7, 2023;11,300.00;11,300.00;11,050.00;11,125.00;10,246.62;5,146,000
Aug 4, 2023;11,200.00;11,300.00;11,125.00;11,250.00;10,361.75;6,014,000
Aug 3, 2023;11,100.00;11,300.00;11,100.00;11,200.00;10,315.69;5,683,300
Aug 2, 2023;11,075.00;11,225.00;10,950.00;11,175.00;10,292.67;6,184,000
Aug 1, 2023;11,200.00;11,200.00;10,850.00;11,075.00;10,200.56;7,197,300
Jul 31, 2023;11,200.00;11,275.00;11,100.00;11,200.00;10,315.69;4,635,800
Jul 28, 2023;11,175.00;11,200.00;10,950.00;11,200.00;10,315.69;7,477,300
Jul 27, 2023;11,175.00;11,300.00;11,150.00;11,175.00;10,292.67;4,539,400
Jul 26, 2023;11,225.00;11,225.00;11,075.00;11,175.00;10,292.67;5,003,000
Jul 25, 2023;11,475.00;11,550.00;11,200.00;11,225.00;10,338.72;9,932,300
Jul 24, 2023;11,500.00;11,625.00;11,475.00;11,525.00;10,615.03;4,574,500
Jul 21, 2023;11,500.00;11,600.00;11,425.00;11,500.00;10,592.01;5,102,000
Jul 20, 2023;11,750.00;11,750.00;11,350.00;11,475.00;10,568.98;17,637,200
Jul 18, 2023;11,675.00;11,800.00;11,500.00;11,750.00;10,822.27;8,160,500
Jul 17, 2023;11,800.00;11,875.00;11,650.00;11,650.00;10,730.17;8,656,700
Jul 14, 2023;11,800.00;11,800.00;11,650.00;11,775.00;10,845.29;4,077,400
Jul 13, 2023;11,650.00;11,925.00;11,650.00;11,700.00;10,776.22;9,467,200
Jul 12, 2023;11,700.00;11,875.00;11,550.00;11,650.00;10,730.17;11,957,300
Jul 11, 2023;11,450.00;11,600.00;11,375.00;11,525.00;10,615.03;7,366,100
Jul 10, 2023;11,325.00;11,450.00;11,250.00;11,325.00;10,430.82;3,372,200
Jul 7, 2023;188 Dividend ;;;;;
;Dividends on any given ex-date include regular and any special dividends;;;;;
Jul 7, 2023;11,300.00;11,400.00;11,225.00;11,275.00;10,384.77;3,881,200
Jul 6, 2023;11,450.00;11,450.00;11,350.00;11,400.00;10,326.75;3,790,500
Jul 5, 2023;11,500.00;11,550.00;11,350.00;11,450.00;10,372.04;8,144,000
Jul 4, 2023;11,600.00;11,600.00;11,450.00;11,475.00;10,394.69;3,933,600
Jul 3, 2023;11,600.00;11,600.00;11,350.00;11,575.00;10,485.27;7,246,700
Jun 27, 2023;11,350.00;11,450.00;11,250.00;11,325.00;10,258.81;11,473,200
Jun 26, 2023;11,275.00;11,375.00;11,175.00;11,325.00;10,258.81;7,496,000
Jun 23, 2023;11,150.00;11,250.00;11,075.00;11,175.00;10,122.93;5,224,200
Jun 22, 2023;11,300.00;11,300.00;11,125.00;11,175.00;10,122.93;6,988,400
Jun 21, 2023;11,200.00;11,375.00;11,175.00;11,325.00;10,258.81;9,926,300
Jun 20, 2023;11,250.00;11,250.00;10,975.00;11,200.00;10,145.58;8,294,300
Jun 19, 2023;11,200.00;11,275.00;11,200.00;11,250.00;10,190.87;4,302,900
Jun 16, 2023;11,300.00;11,400.00;11,200.00;11,200.00;10,145.58;14,121,200
Jun 15, 2023;11,325.00;11,350.00;11,250.00;11,325.00;10,258.81;8,669,700
Jun 14, 2023;11,300.00;11,300.00;11,225.00;11,300.00;10,236.16;4,387,300
Jun 13, 2023;11,300.00;11,325.00;11,225.00;11,250.00;10,190.87;5,166,300
Jun 12, 2023;11,350.00;11,400.00;11,225.00;11,300.00;10,236.16;5,427,500
Jun 9, 2023;11,300.00;11,400.00;11,175.00;11,375.00;10,304.10;14,068,100
Jun 8, 2023;11,325.00;11,525.00;11,250.00;11,300.00;10,236.16;10,950,100
Jun 7, 2023;11,250.00;11,475.00;11,250.00;11,300.00;10,236.16;14,861,700
Jun 6, 2023;11,400.00;11,550.00;11,250.00;11,300.00;10,236.16;16,325,200
Jun 5, 2023;11,575.00;11,575.00;11,325.00;11,550.00;10,462.63;19,610,600
May 31, 2023;11,300.00;11,700.00;11,250.00;11,700.00;10,598.50;55,219,100
May 30, 2023;11,200.00;11,325.00;11,175.00;11,200.00;10,145.58;11,956,500
May 29, 2023;11,200.00;11,250.00;11,150.00;11,175.00;10,122.93;7,607,500
May 26, 2023;11,200.00;11,250.00;11,175.00;11,200.00;10,145.58;9,079,400
May 25, 2023;11,200.00;11,275.00;11,175.00;11,200.00;10,145.58;16,498,000
May 24, 2023;11,175.00;11,250.00;11,150.00;11,200.00;10,145.58;10,976,800
May 23, 2023;11,000.00;11,350.00;10,975.00;11,175.00;10,122.93;16,962,200
May 22, 2023;10,950.00;11,075.00;10,950.00;11,000.00;9,964.40;18,449,000
May 19, 2023;11,050.00;11,050.00;10,925.00;10,950.00;9,919.11;13,878,600
May 17, 2023;11,075.00;11,075.00;10,925.00;11,000.00;9,964.40;9,627,800
May 16, 2023;11,000.00;11,025.00;10,950.00;11,000.00;9,964.40;6,701,500
May 15, 2023;10,900.00;11,125.00;10,900.00;11,000.00;9,964.40;11,802,100
May 12, 2023;10,900.00;10,975.00;10,850.00;10,875.00;9,851.17;3,636,400
May 11, 2023;10,900.00;10,975.00;10,775.00;10,975.00;9,941.76;4,074,000
May 10, 2023;10,925.00;11,050.00;10,850.00;10,900.00;9,873.82;4,090,800
May 9, 2023;11,025.00;11,125.00;10,925.00;11,000.00;9,964.40;12,832,600
May 8, 2023;10,875.00;11,050.00;10,850.00;11,025.00;9,987.05;16,280,400
May 5, 2023;10,800.00;10,875.00;10,700.00;10,875.00;9,851.17;15,775,700
May 4, 2023;10,700.00;10,850.00;10,625.00;10,800.00;9,783.23;8,644,600
May 3, 2023;10,625.00;10,850.00;10,575.00;10,750.00;9,737.94;19,269,600
May 2, 2023;10,550.00;10,550.00;10,325.00;10,400.00;9,420.89;5,413,700
Apr 28, 2023;10,250.00;10,575.00;10,200.00;10,575.00;9,579.42;9,935,000
Apr 27, 2023;10,100.00;10,300.00;10,100.00;10,250.00;9,285.01;4,748,200
Apr 26, 2023;10,100.00;10,350.00;10,000.00;10,200.00;9,239.72;11,287,900
Apr 18, 2023;10,225.00;10,325.00;10,150.00;10,200.00;9,239.72;4,165,200
Apr 17, 2023;10,125.00;10,225.00;10,025.00;10,225.00;9,262.37;4,558,000
Apr 14, 2023;10,300.00;10,350.00;10,200.00;10,250.00;9,285.01;4,102,000
Apr 13, 2023;10,075.00;10,375.00;10,075.00;10,250.00;9,285.01;3,551,000
Apr 12, 2023;10,175.00;10,175.00;10,025.00;10,050.00;9,103.84;3,379,700
Apr 11, 2023;10,100.00;10,200.00;10,050.00;10,200.00;9,239.72;1,579,100
Apr 10, 2023;10,050.00;10,075.00;10,000.00;10,075.00;9,126.49;2,263,100
Apr 6, 2023;10,125.00;10,125.00;9,975.00;10,075.00;9,126.49;2,480,300
Apr 5, 2023;10,200.00;10,200.00;10,025.00;10,125.00;9,171.78;4,243,900
Apr 4, 2023;9,975.00;10,200.00;9,850.00;10,200.00;9,239.72;6,696,500
Apr 3, 2023;9,975.00;9,975.00;9,850.00;9,975.00;9,035.90;3,949,200
Mar 31, 2023;9,875.00;10,000.00;9,850.00;9,975.00;9,035.90;4,672,700
Mar 30, 2023;9,975.00;9,975.00;9,825.00;9,875.00;8,945.32;5,282,600
Mar 29, 2023;10,100.00;10,125.00;9,975.00;9,975.00;9,035.90;5,013,700
Mar 28, 2023;10,000.00;10,200.00;9,975.00;10,100.00;9,149.14;5,237,500
Mar 27, 2023;10,000.00;10,025.00;9,875.00;9,975.00;9,035.90;2,852,200
Mar 24, 2023;9,650.00;10,125.00;9,625.00;9,975.00;9,035.90;7,244,800
Mar 21, 2023;9,625.00;9,725.00;9,550.00;9,700.00;8,786.79;3,073,600
Mar 20, 2023;9,550.00;9,625.00;9,450.00;9,625.00;8,718.85;2,151,300
Mar 17, 2023;9,500.00;9,800.00;9,500.00;9,550.00;8,650.92;8,527,800
Mar 16, 2023;9,300.00;9,600.00;9,275.00;9,400.00;8,515.04;5,112,400
Mar 15, 2023;9,650.00;9,725.00;9,325.00;9,325.00;8,447.10;4,882,400
Mar 14, 2023;9,650.00;9,725.00;9,600.00;9,650.00;8,741.50;2,627,200
Mar 13, 2023;9,725.00;9,875.00;9,650.00;9,650.00;8,741.50;1,858,700
Mar 10, 2023;9,800.00;9,975.00;9,625.00;9,750.00;8,832.09;3,436,700
Mar 9, 2023;9,800.00;9,925.00;9,750.00;9,800.00;8,877.38;1,450,100
Mar 8, 2023;9,975.00;9,975.00;9,800.00;9,800.00;8,877.38;4,646,700
Mar 7, 2023;9,750.00;10,175.00;9,650.00;9,975.00;9,035.90;10,589,900
Mar 6, 2023;9,700.00;9,850.00;9,700.00;9,750.00;8,832.09;4,757,200
Mar 3, 2023;9,850.00;9,900.00;9,725.00;9,725.00;8,809.44;4,486,000
Mar 2, 2023;9,875.00;9,875.00;9,700.00;9,850.00;8,922.67;9,145,000
Mar 1, 2023;10,125.00;10,125.00;9,750.00;9,900.00;8,967.96;11,688,400
Feb 28, 2023;10,000.00;10,125.00;9,900.00;10,125.00;9,171.78;6,041,600
Feb 27, 2023;10,125.00;10,150.00;10,000.00;10,050.00;9,103.84;3,355,700
Feb 24, 2023;10,200.00;10,250.00;10,150.00;10,175.00;9,217.07;1,169,200
Feb 23, 2023;10,225.00;10,300.00;10,150.00;10,225.00;9,262.37;2,221,800
Feb 22, 2023;10,300.00;10,300.00;10,100.00;10,225.00;9,262.37;1,786,400
Feb 21, 2023;10,350.00;10,450.00;10,250.00;10,300.00;9,330.31;2,415,800
Feb 20, 2023;10,350.00;10,350.00;10,175.00;10,350.00;9,375.60;1,671,600
Feb 17, 2023;10,200.00;10,400.00;10,150.00;10,350.00;9,375.60;2,249,400
Feb 16, 2023;10,325.00;10,325.00;10,125.00;10,200.00;9,239.72;3,145,300
Feb 15, 2023;10,325.00;10,400.00;10,250.00;10,300.00;9,330.31;2,018,800
Feb 14, 2023;10,350.00;10,500.00;10,275.00;10,300.00;9,330.31;8,167,300
Feb 13, 2023;10,300.00;10,575.00;10,275.00;10,275.00;9,307.66;9,716,000
Feb 10, 2023;10,250.00;10,375.00;10,250.00;10,300.00;9,330.31;2,206,800
Feb 9, 2023;10,325.00;10,400.00;10,250.00;10,300.00;9,330.31;3,348,000
Feb 8, 2023;10,250.00;10,425.00;10,250.00;10,325.00;9,352.95;1,465,900
Feb 7, 2023;10,300.00;10,400.00;10,275.00;10,275.00;9,307.66;1,421,900
Feb 6, 2023;10,450.00;10,475.00;10,275.00;10,275.00;9,307.66;3,375,400
Feb 3, 2023;10,250.00;10,500.00;10,225.00;10,475.00;9,488.83;6,290,200
Feb 2, 2023;10,375.00;10,400.00;10,225.00;10,250.00;9,285.01;3,471,900
Feb 1, 2023;10,125.00;10,375.00;10,125.00;10,375.00;9,398.25;6,394,700
Jan 31, 2023;10,100.00;10,375.00;10,025.00;10,100.00;9,149.14;19,385,600
Jan 30, 2023;10,000.00;10,175.00;9,950.00;10,100.00;9,149.14;3,962,300
Jan 27, 2023;10,075.00;10,125.00;9,925.00;10,000.00;9,058.55;6,769,700
Jan 26, 2023;10,425.00;10,425.00;10,000.00;10,075.00;9,126.49;11,211,000
Jan 25, 2023;10,400.00;10,450.00;10,300.00;10,425.00;9,443.54;1,422,900
Jan 24, 2023;10,475.00;10,475.00;10,275.00;10,400.00;9,420.89;1,978,500
Jan 20, 2023;10,500.00;10,525.00;10,325.00;10,500.00;9,511.48;2,174,100
Jan 19, 2023;10,475.00;10,500.00;10,375.00;10,500.00;9,511.48;3,508,100
Jan 18, 2023;10,350.00;10,475.00;10,325.00;10,475.00;9,488.83;1,468,700
Jan 17, 2023;10,325.00;10,500.00;10,300.00;10,350.00;9,375.60;3,597,900
Jan 16, 2023;10,450.00;10,475.00;10,200.00;10,400.00;9,420.89;4,400,700
Jan 13, 2023;10,450.00;10,475.00;10,300.00;10,450.00;9,466.18;6,858,700
Jan 12, 2023;10,525.00;10,525.00;10,300.00;10,450.00;9,466.18;5,439,200
Jan 11, 2023;10,200.00;10,600.00;10,200.00;10,525.00;9,534.12;10,176,300
Jan 10, 2023;10,225.00;10,275.00;10,150.00;10,200.00;9,239.72;12,903,700
Jan 9, 2023;10,150.00;10,275.00;10,150.00;10,200.00;9,239.72;5,829,300
Jan 6, 2023;10,225.00;10,300.00;10,100.00;10,175.00;9,217.07;6,288,100
Jan 5, 2023;10,100.00;10,225.00;9,875.00;10,225.00;9,262.37;3,774,400
Jan 4, 2023;10,225.00;10,250.00;10,025.00;10,100.00;9,149.14;3,973,100
Jan 3, 2023;10,100.00;10,300.00;10,100.00;10,175.00;9,217.07;3,169,800
Jan 2, 2023;9,975.00;10,200.00;9,975.00;10,150.00;9,194.43;1,201,400
Dec 30, 2022;10,175.00;10,175.00;10,000.00;10,000.00;9,058.55;1,958,000
Dec 29, 2022;10,150.00;10,175.00;9,725.00;10,175.00;9,217.07;3,858,600
Dec 28, 2022;10,125.00;10,175.00;10,000.00;10,175.00;9,217.07;1,017,400
Dec 27, 2022;10,150.00;10,200.00;10,050.00;10,075.00;9,126.49;1,260,200
Dec 26, 2022;10,050.00;10,150.00;10,000.00;10,150.00;9,194.43;1,028,000
Dec 23, 2022;10,125.00;10,175.00;10,000.00;10,025.00;9,081.20;1,559,600
Dec 22, 2022;10,225.00;10,350.00;10,025.00;10,125.00;9,171.78;1,609,900
Dec 21, 2022;10,275.00;10,300.00;10,200.00;10,225.00;9,262.37;1,492,500
Dec 20, 2022;10,150.00;10,300.00;10,050.00;10,300.00;9,330.31;1,999,800
Dec 19, 2022;10,400.00;10,400.00;10,150.00;10,150.00;9,194.43;3,943,600
Dec 16, 2022;10,300.00;10,450.00;10,250.00;10,425.00;9,443.54;9,094,300
Dec 15, 2022;10,300.00;10,350.00;10,200.00;10,300.00;9,330.31;3,197,500
Dec 14, 2022;10,300.00;10,325.00;10,150.00;10,325.00;9,352.95;2,376,400
Dec 13, 2022;10,400.00;10,400.00;10,200.00;10,300.00;9,330.31;5,890,400
Dec 12, 2022;10,100.00;10,400.00;9,925.00;10,400.00;9,420.89;7,138,500
Dec 9, 2022;10,200.00;10,225.00;10,025.00;10,150.00;9,194.43;3,475,600
Dec 8, 2022;10,200.00;10,225.00;10,050.00;10,200.00;9,239.72;4,883,200
Dec 7, 2022;10,350.00;10,350.00;10,075.00;10,325.00;9,352.95;5,592,100
Dec 6, 2022;10,275.00;10,350.00;10,150.00;10,350.00;9,375.60;4,223,600
Dec 5, 2022;10,175.00;10,350.00;10,100.00;10,350.00;9,375.60;6,783,100
Dec 2, 2022;10,150.00;10,200.00;10,025.00;10,200.00;9,239.72;7,169,200
Dec 1, 2022;10,100.00;10,175.00;9,975.00;10,150.00;9,194.43;11,562,700
Nov 30, 2022;9,975.00;10,100.00;9,900.00;10,100.00;9,149.14;21,565,300
Nov 29, 2022;10,000.00;10,000.00;9,900.00;9,975.00;9,035.90;4,824,800
Nov 28, 2022;9,900.00;10,000.00;9,825.00;9,975.00;9,035.90;7,923,400
Nov 25, 2022;9,800.00;9,900.00;9,700.00;9,900.00;8,967.96;4,931,600
Nov 24, 2022;9,900.00;9,900.00;9,775.00;9,800.00;8,877.38;2,652,000
Nov 23, 2022;9,650.00;9,900.00;9,650.00;9,900.00;8,967.96;2,818,100
Nov 22, 2022;9,800.00;9,850.00;9,650.00;9,650.00;8,741.50;2,625,200
Nov 21, 2022;9,650.00;9,825.00;9,625.00;9,800.00;8,877.38;2,648,000
Nov 18, 2022;9,675.00;9,775.00;9,500.00;9,650.00;8,741.50;3,350,000
Nov 17, 2022;9,750.00;9,800.00;9,600.00;9,675.00;8,764.15;3,762,600
Nov 16, 2022;9,800.00;9,800.00;9,600.00;9,775.00;8,854.73;3,665,800
Nov 15, 2022;9,750.00;9,825.00;9,725.00;9,800.00;8,877.38;5,912,100
Nov 14, 2022;9,850.00;9,850.00;9,725.00;9,750.00;8,832.09;2,114,500
Nov 11, 2022;9,800.00;9,900.00;9,600.00;9,850.00;8,922.67;8,391,000
Nov 10, 2022;9,750.00;9,775.00;9,700.00;9,725.00;8,809.44;3,773,300
Nov 9, 2022;9,750.00;9,775.00;9,700.00;9,750.00;8,832.09;7,885,600
Nov 8, 2022;9,750.00;9,750.00;9,650.00;9,750.00;8,832.09;1,953,700
Nov 7, 2022;9,725.00;9,775.00;9,650.00;9,750.00;8,832.09;8,038,600
Nov 4, 2022;9,525.00;9,650.00;9,375.00;9,650.00;8,741.50;7,272,400
Nov 3, 2022;9,600.00;9,650.00;9,475.00;9,550.00;8,650.92;4,470,100
Nov 2, 2022;9,525.00;9,675.00;9,500.00;9,600.00;8,696.21;5,675,700
Nov 1, 2022;9,725.00;9,725.00;9,350.00;9,500.00;8,605.62;10,660,500
Oct 31, 2022;9,825.00;9,900.00;9,625.00;9,725.00;8,809.44;12,513,900
Oct 28, 2022;9,900.00;9,900.00;9,775.00;9,800.00;8,877.38;10,192,100
Oct 27, 2022;9,775.00;9,900.00;9,700.00;9,825.00;8,900.02;9,880,700
Oct 26, 2022;9,525.00;9,800.00;9,475.00;9,800.00;8,877.38;21,378,000
Oct 25, 2022;9,425.00;9,525.00;9,400.00;9,525.00;8,628.27;10,549,000
Oct 24, 2022;9,500.00;9,525.00;9,350.00;9,425.00;8,537.68;7,596,200
Oct 21, 2022;9,300.00;9,475.00;9,300.00;9,425.00;8,537.68;12,299,200
Oct 20, 2022;9,100.00;9,500.00;9,100.00;9,500.00;8,605.62;11,282,000
Oct 19, 2022;8,950.00;9,150.00;8,825.00;9,125.00;8,265.93;5,120,900
Oct 18, 2022;8,825.00;8,950.00;8,775.00;8,950.00;8,107.40;4,606,600
Oct 17, 2022;8,700.00;8,825.00;8,575.00;8,825.00;7,994.17;3,735,500
Oct 14, 2022;8,850.00;8,850.00;8,700.00;8,700.00;7,880.94;2,742,200
Oct 13, 2022;8,925.00;8,950.00;8,800.00;8,850.00;8,016.82;3,106,000
Oct 12, 2022;9,000.00;9,000.00;8,875.00;8,950.00;8,107.40;4,142,100
Oct 11, 2022;8,925.00;9,000.00;8,850.00;9,000.00;8,152.69;3,055,500
Oct 10, 2022;8,900.00;8,950.00;8,850.00;8,950.00;8,107.40;5,712,500
Oct 7, 2022;8,825.00;8,900.00;8,750.00;8,900.00;8,062.11;3,913,000
Oct 6, 2022;8,650.00;8,875.00;8,650.00;8,825.00;7,994.17;4,286,500
Oct 5, 2022;8,550.00;8,725.00;8,525.00;8,650.00;7,835.65;3,838,300
Oct 4, 2022;8,725.00;8,775.00;8,475.00;8,525.00;7,722.41;7,330,500
Oct 3, 2022;8,650.00;8,750.00;8,625.00;8,725.00;7,903.59;3,692,900
Sep 30, 2022;8,850.00;8,875.00;8,600.00;8,650.00;7,835.65;8,292,000
Sep 29, 2022;8,800.00;8,875.00;8,750.00;8,850.00;8,016.82;4,652,900
Sep 28, 2022;8,850.00;8,950.00;8,800.00;8,800.00;7,971.52;3,243,300
Sep 27, 2022;9,075.00;9,075.00;8,850.00;8,850.00;8,016.82;8,523,700
Sep 26, 2022;8,975.00;9,100.00;8,850.00;9,075.00;8,220.63;11,479,900
Sep 23, 2022;8,850.00;9,000.00;8,775.00;9,000.00;8,152.69;7,310,000
Sep 22, 2022;8,700.00;8,825.00;8,675.00;8,825.00;7,994.17;3,474,200
Sep 21, 2022;8,900.00;8,900.00;8,700.00;8,700.00;7,880.94;4,979,500
Sep 20, 2022;8,700.00;8,900.00;8,700.00;8,875.00;8,039.46;6,978,300
Sep 19, 2022;8,625.00;8,775.00;8,575.00;8,700.00;7,880.94;4,445,400
Sep 16, 2022;8,600.00;8,650.00;8,525.00;8,650.00;7,835.65;13,190,200
Sep 15, 2022;8,600.00;8,650.00;8,525.00;8,600.00;7,790.35;6,959,000
Sep 14, 2022;8,475.00;8,600.00;8,475.00;8,525.00;7,722.41;5,287,300
Sep 13, 2022;8,600.00;8,600.00;8,500.00;8,525.00;7,722.41;5,413,000
Sep 12, 2022;8,450.00;8,600.00;8,450.00;8,600.00;7,790.35;3,479,000
Sep 9, 2022;8,525.00;8,550.00;8,425.00;8,450.00;7,654.47;4,783,500
Sep 8, 2022;8,550.00;8,600.00;8,500.00;8,525.00;7,722.41;2,567,400
Sep 7, 2022;8,600.00;8,650.00;8,500.00;8,550.00;7,745.06;7,229,800
Sep 6, 2022;8,700.00;8,775.00;8,600.00;8,650.00;7,835.65;8,195,400
Sep 5, 2022;8,700.00;8,725.00;8,600.00;8,700.00;7,880.94;7,694,000
Sep 2, 2022;8,700.00;8,725.00;8,575.00;8,725.00;7,903.59;8,052,700
Sep 1, 2022;8,300.00;8,725.00;8,300.00;8,700.00;7,880.94;22,198,800
Aug 31, 2022;8,125.00;8,425.00;8,125.00;8,300.00;7,518.60;40,179,900
Aug 30, 2022;8,850.00;8,875.00;8,725.00;8,725.00;7,903.59;5,118,700
Aug 29, 2022;8,675.00;8,850.00;8,650.00;8,850.00;8,016.82;2,426,600
Aug 26, 2022;8,775.00;8,800.00;8,700.00;8,725.00;7,903.59;3,573,500
Aug 25, 2022;8,825.00;8,825.00;8,725.00;8,775.00;7,948.88;3,658,400
Aug 24, 2022;8,800.00;8,825.00;8,700.00;8,775.00;7,948.88;4,350,700
Aug 23, 2022;8,775.00;8,850.00;8,750.00;8,800.00;7,971.52;4,274,600
Aug 22, 2022;8,700.00;8,750.00;8,600.00;8,725.00;7,903.59;6,545,700
Aug 19, 2022;8,775.00;8,800.00;8,700.00;8,700.00;7,880.94;2,671,500
Aug 18, 2022;8,750.00;8,850.00;8,675.00;8,775.00;7,948.88;4,612,700
Aug 16, 2022;8,875.00;8,900.00;8,675.00;8,750.00;7,926.23;6,877,200
Aug 15, 2022;8,700.00;8,875.00;8,675.00;8,875.00;8,039.46;7,725,900
Aug 12, 2022;8,900.00;8,900.00;8,650.00;8,675.00;7,858.29;12,405,000
Aug 11, 2022;8,800.00;8,875.00;8,700.00;8,875.00;8,039.46;8,299,700
Aug 10, 2022;8,700.00;8,725.00;8,500.00;8,725.00;7,903.59;9,132,000
Aug 9, 2022;8,750.00;8,800.00;8,625.00;8,725.00;7,903.59;9,512,100
Aug 8, 2022;8,800.00;8,925.00;8,750.00;8,800.00;7,971.52;5,381,600
Aug 5, 2022;8,925.00;8,950.00;8,750.00;8,800.00;7,971.52;5,847,300
Aug 4, 2022;8,850.00;8,925.00;8,700.00;8,925.00;8,084.76;7,101,900
Aug 3, 2022;8,950.00;8,950.00;8,725.00;8,800.00;7,971.52;8,092,700
Aug 2, 2022;215 Dividend ;;;;;
;Dividends on any given ex-date include regular and any special dividends;;;;;
Aug 2, 2022;8,750.00;8,975.00;8,700.00;8,975.00;8,130.05;8,753,500
Aug 1, 2022;8,850.00;8,975.00;8,825.00;8,900.00;7,867.35;5,969,300
Jul 29, 2022;8,950.00;8,975.00;8,775.00;8,825.00;7,801.05;15,100,400
Jul 28, 2022;9,250.00;9,250.00;8,875.00;8,975.00;7,933.65;36,869,300
Jul 27, 2022;9,375.00;9,375.00;9,200.00;9,275.00;8,198.84;6,584,100
Jul 26, 2022;9,450.00;9,450.00;9,275.00;9,375.00;8,287.24;3,983,700
Jul 25, 2022;9,400.00;9,500.00;9,400.00;9,450.00;8,353.54;2,168,900
Jul 22, 2022;9,500.00;9,600.00;9,400.00;9,400.00;8,309.34;4,172,000
Jul 21, 2022;9,450.00;9,500.00;9,325.00;9,500.00;8,397.73;5,238,400
Jul 20, 2022;9,400.00;9,500.00;9,400.00;9,450.00;8,353.54;7,280,900
Jul 19, 2022;9,500.00;9,500.00;9,350.00;9,450.00;8,353.54;4,373,500
Jul 18, 2022;9,350.00;9,500.00;9,200.00;9,500.00;8,397.73;4,903,100
Jul 15, 2022;9,200.00;9,425.00;9,200.00;9,350.00;8,265.14;5,190,200
Jul 14, 2022;9,225.00;9,300.00;9,150.00;9,250.00;8,176.74;5,480,200
Jul 13, 2022;9,300.00;9,400.00;9,225.00;9,300.00;8,220.94;6,786,200
Jul 12, 2022;9,450.00;9,500.00;9,325.00;9,325.00;8,243.04;4,425,700
Jul 11, 2022;9,400.00;9,450.00;9,300.00;9,450.00;8,353.54;2,464,400
Jul 8, 2022;9,500.00;9,500.00;9,250.00;9,425.00;8,331.44;4,717,000
Jul 7, 2022;9,475.00;9,500.00;9,375.00;9,475.00;8,375.63;8,219,500
Jul 6, 2022;9,175.00;9,450.00;9,175.00;9,450.00;8,353.54;8,890,700
Jul 5, 2022;9,250.00;9,350.00;9,150.00;9,175.00;8,110.44;4,827,900
Jul 4, 2022;9,350.00;9,350.00;8,975.00;9,225.00;8,154.64;8,105,800
Jul 1, 2022;9,550.00;9,550.00;9,275.00;9,350.00;8,265.14;6,160,300
Jun 30, 2022;9,450.00;9,575.00;9,450.00;9,550.00;8,441.93;14,236,800
Jun 29, 2022;9,600.00;9,625.00;9,400.00;9,450.00;8,353.54;7,580,700
Jun 28, 2022;9,500.00;9,525.00;9,450.00;9,500.00;8,397.73;14,198,000
Jun 27, 2022;9,425.00;9,500.00;9,375.00;9,500.00;8,397.73;12,022,100
Jun 24, 2022;9,350.00;9,450.00;9,300.00;9,425.00;8,331.44;14,596,100
Jun 23, 2022;9,225.00;9,350.00;9,175.00;9,325.00;8,243.04;14,035,700
Jun 22, 2022;9,150.00;9,225.00;8,950.00;9,225.00;8,154.64;12,168,500
Jun 21, 2022;9,000.00;9,200.00;9,000.00;9,150.00;8,088.34;18,588,800
Jun 20, 2022;8,650.00;8,975.00;8,600.00;8,975.00;7,933.65;18,639,200
Jun 17, 2022;8,625.00;8,650.00;8,550.00;8,550.00;7,557.96;15,529,900
Jun 16, 2022;8,675.00;8,700.00;8,650.00;8,675.00;7,668.46;6,615,900
Jun 15, 2022;8,600.00;8,625.00;8,475.00;8,600.00;7,602.16;2,774,400
Jun 14, 2022;8,600.00;8,650.00;8,450.00;8,650.00;7,646.36;5,273,000
Jun 13, 2022;8,375.00;8,625.00;8,200.00;8,600.00;7,602.16;9,404,100
Jun 10, 2022;8,550.00;8,600.00;8,500.00;8,500.00;7,513.76;6,748,700
Jun 9, 2022;8,575.00;8,650.00;8,550.00;8,625.00;7,624.26;6,835,000
Jun 8, 2022;8,600.00;8,675.00;8,575.00;8,575.00;7,580.06;4,854,600
Jun 7, 2022;8,675.00;8,700.00;8,575.00;8,575.00;7,580.06;5,391,500
Jun 6, 2022;8,575.00;8,675.00;8,550.00;8,650.00;7,646.36;4,912,400
Jun 3, 2022;8,550.00;8,650.00;8,525.00;8,575.00;7,580.06;4,816,900
Jun 2, 2022;8,750.00;8,800.00;8,450.00;8,550.00;7,557.96;8,258,900
May 31, 2022;8,550.00;8,575.00;8,450.00;8,575.00;7,580.06;8,505,500
May 30, 2022;8,625.00;8,650.00;8,500.00;8,550.00;7,557.96;5,869,400
May 27, 2022;8,300.00;8,650.00;8,275.00;8,625.00;7,624.26;14,411,000
May 25, 2022;8,150.00;8,250.00;8,150.00;8,250.00;7,292.77;6,948,800
May 24, 2022;8,050.00;8,175.00;7,975.00;8,150.00;7,204.37;6,395,400
May 23, 2022;8,075.00;8,100.00;7,925.00;7,975.00;7,049.68;5,300,800
May 20, 2022;8,000.00;8,100.00;8,000.00;8,050.00;7,115.97;5,593,000
May 19, 2022;8,000.00;8,225.00;7,875.00;7,975.00;7,049.68;10,620,900
May 18, 2022;7,875.00;8,250.00;7,825.00;8,100.00;7,160.17;13,474,300
May 17, 2022;7,950.00;7,950.00;7,750.00;7,825.00;6,917.08;11,289,000
May 13, 2022;8,000.00;8,275.00;7,875.00;8,175.00;7,226.47;11,232,900
May 12, 2022;8,300.00;8,325.00;7,950.00;8,025.00;7,093.88;16,279,900
May 11, 2022;7,950.00;8,350.00;7,775.00;8,300.00;7,336.97;21,331,500
May 10, 2022;7,300.00;8,000.00;7,200.00;7,975.00;7,049.68;24,691,800
May 9, 2022;7,550.00;7,575.00;7,400.00;7,400.00;6,541.39;9,648,400
Apr 28, 2022;7,600.00;7,650.00;7,525.00;7,625.00;6,740.29;7,891,500
Apr 27, 2022;7,575.00;7,600.00;7,450.00;7,600.00;6,718.19;7,890,200
Apr 26, 2022;7,450.00;7,600.00;7,350.00;7,575.00;6,696.09;11,541,600
Apr 25, 2022;7,300.00;7,450.00;7,275.00;7,425.00;6,563.49;7,140,000
Apr 22, 2022;7,425.00;7,450.00;7,250.00;7,300.00;6,453.00;6,678,100
Apr 21, 2022;7,325.00;7,475.00;7,325.00;7,425.00;6,563.49;8,557,700
Apr 20, 2022;7,200.00;7,400.00;7,200.00;7,325.00;6,475.09;7,752,700
Apr 19, 2022;7,125.00;7,250.00;7,100.00;7,175.00;6,342.50;8,334,300
Apr 18, 2022;7,175.00;7,225.00;7,050.00;7,100.00;6,276.20;7,820,300
Apr 14, 2022;7,300.00;7,325.00;7,150.00;7,175.00;6,342.50;10,581,800
Apr 13, 2022;7,400.00;7,425.00;7,300.00;7,325.00;6,475.09;8,990,800
Apr 12, 2022;7,500.00;7,500.00;7,325.00;7,400.00;6,541.39;4,546,800
Apr 11, 2022;7,450.00;7,525.00;7,375.00;7,525.00;6,651.89;4,994,400
Apr 8, 2022;7,575.00;7,600.00;7,425.00;7,450.00;6,585.59;4,565,300
Apr 7, 2022;7,400.00;7,600.00;7,375.00;7,575.00;6,696.09;11,142,300
Apr 6, 2022;7,575.00;7,600.00;7,325.00;7,400.00;6,541.39;14,545,900
Apr 5, 2022;7,550.00;7,600.00;7,500.00;7,575.00;6,696.09;6,290,300
Apr 4, 2022;7,550.00;7,650.00;7,550.00;7,550.00;6,673.99;9,542,200
Apr 1, 2022;7,350.00;7,550.00;7,350.00;7,525.00;6,651.89;14,229,300
Mar 31, 2022;7,400.00;7,450.00;7,300.00;7,350.00;6,497.19;6,875,300
Mar 30, 2022;7,350.00;7,475.00;7,325.00;7,375.00;6,519.29;9,768,800
Mar 29, 2022;7,300.00;7,400.00;7,250.00;7,300.00;6,453.00;9,243,600
Mar 28, 2022;7,250.00;7,400.00;7,200.00;7,275.00;6,430.90;13,828,500
Mar 25, 2022;7,550.00;7,550.00;7,200.00;7,250.00;6,408.80;28,613,700
Mar 24, 2022;7,525.00;7,550.00;7,500.00;7,550.00;6,673.99;3,315,100
Mar 23, 2022;7,475.00;7,550.00;7,475.00;7,500.00;6,629.79;3,310,700
Mar 22, 2022;7,475.00;7,600.00;7,475.00;7,475.00;6,607.69;4,588,300
Mar 21, 2022;7,600.00;7,600.00;7,450.00;7,450.00;6,585.59;4,030,800
Mar 18, 2022;7,600.00;7,600.00;7,450.00;7,575.00;6,696.09;8,157,900
Mar 17, 2022;7,650.00;7,700.00;7,475.00;7,575.00;6,696.09;6,832,200
Mar 16, 2022;7,425.00;7,650.00;7,425.00;7,625.00;6,740.29;7,742,600
Mar 15, 2022;7,525.00;7,600.00;7,375.00;7,425.00;6,563.49;15,064,300
Mar 14, 2022;7,575.00;7,600.00;7,500.00;7,525.00;6,651.89;6,353,200
Mar 11, 2022;7,750.00;7,775.00;7,550.00;7,550.00;6,673.99;8,055,000
Mar 10, 2022;7,775.00;7,800.00;7,650.00;7,750.00;6,850.78;8,712,200
Mar 9, 2022;7,650.00;7,750.00;7,550.00;7,625.00;6,740.29;11,438,800
Mar 8, 2022;7,400.00;7,600.00;7,400.00;7,600.00;6,718.19;21,825,800
Mar 7, 2022;7,800.00;7,800.00;7,375.00;7,400.00;6,541.39;25,237,400
Mar 4, 2022;7,900.00;7,950.00;7,750.00;7,825.00;6,917.08;24,282,500
Mar 2, 2022;8,100.00;8,225.00;7,900.00;7,925.00;7,005.48;28,428,600
Mar 1, 2022;8,500.00;8,525.00;8,150.00;8,250.00;7,292.77;21,470,900
Feb 25, 2022;8,525.00;8,650.00;8,475.00;8,500.00;7,513.76;10,382,300
Feb 24, 2022;8,675.00;8,700.00;8,450.00;8,525.00;7,535.86;10,974,000
Feb 23, 2022;8,525.00;8,725.00;8,475.00;8,700.00;7,690.56;7,812,000
Feb 22, 2022;8,525.00;8,525.00;8,400.00;8,525.00;7,535.86;7,311,200
Feb 21, 2022;8,525.00;8,575.00;8,500.00;8,500.00;7,513.76;7,714,500
Feb 18, 2022;8,525.00;8,650.00;8,525.00;8,525.00;7,535.86;9,210,400
Feb 17, 2022;8,525.00;8,575.00;8,500.00;8,525.00;7,535.86;5,767,000
Feb 16, 2022;8,550.00;8,600.00;8,475.00;8,500.00;7,513.76;7,178,700
Feb 15, 2022;8,550.00;8,625.00;8,350.00;8,550.00;7,557.96;11,049,400
Feb 14, 2022;8,575.00;8,650.00;8,525.00;8,550.00;7,557.96;3,905,100
Feb 11, 2022;8,625.00;8,675.00;8,550.00;8,650.00;7,646.36;6,545,700
Feb 10, 2022;8,675.00;8,725.00;8,625.00;8,625.00;7,624.26;5,007,100
Feb 9, 2022;8,625.00;8,725.00;8,625.00;8,675.00;7,668.46;6,006,500
Feb 8, 2022;8,650.00;8,750.00;8,600.00;8,625.00;7,624.26;4,900,000
Feb 7, 2022;8,625.00;8,750.00;8,600.00;8,650.00;7,646.36;5,159,100
Feb 4, 2022;8,525.00;8,700.00;8,475.00;8,625.00;7,624.26;4,939,500
Feb 3, 2022;8,600.00;8,600.00;8,500.00;8,500.00;7,513.76;4,600,200
Feb 2, 2022;8,725.00;8,725.00;8,600.00;8,675.00;7,668.46;2,102,100
Jan 31, 2022;8,675.00;8,750.00;8,575.00;8,725.00;7,712.66;11,996,000
Jan 28, 2022;8,700.00;8,800.00;8,575.00;8,675.00;7,668.46;3,084,800
Jan 27, 2022;8,750.00;8,800.00;8,650.00;8,700.00;7,690.56;1,600,000
Jan 26, 2022;8,775.00;8,825.00;8,725.00;8,750.00;7,734.75;3,207,700
Jan 25, 2022;8,600.00;8,775.00;8,600.00;8,750.00;7,734.75;5,194,200
Jan 24, 2022;8,675.00;8,725.00;8,575.00;8,600.00;7,602.16;2,233,500
Jan 21, 2022;8,550.00;8,725.00;8,550.00;8,675.00;7,668.46;8,287,900
Jan 20, 2022;8,725.00;8,750.00;8,525.00;8,525.00;7,535.86;9,525,700
Jan 19, 2022;8,775.00;8,775.00;8,650.00;8,750.00;7,734.75;2,877,200
Jan 18, 2022;8,775.00;8,775.00;8,700.00;8,775.00;7,756.85;3,038,300
Jan 17, 2022;8,750.00;8,800.00;8,725.00;8,775.00;7,756.85;3,363,800
Jan 14, 2022;8,775.00;8,825.00;8,725.00;8,750.00;7,734.75;1,865,900
Jan 13, 2022;8,725.00;8,825.00;8,700.00;8,775.00;7,756.85;2,367,700
Jan 12, 2022;8,725.00;8,825.00;8,700.00;8,750.00;7,734.75;2,584,900
Jan 11, 2022;8,850.00;8,850.00;8,650.00;8,700.00;7,690.56;3,692,600
Jan 10, 2022;8,900.00;8,975.00;8,825.00;8,850.00;7,823.15;3,461,300
Jan 7, 2022;8,800.00;8,950.00;8,775.00;8,875.00;7,845.25;6,266,500
Jan 6, 2022;8,825.00;8,850.00;8,725.00;8,850.00;7,823.15;1,984,800
Jan 5, 2022;8,750.00;8,825.00;8,675.00;8,825.00;7,801.05;3,133,400
Jan 4, 2022;8,650.00;8,850.00;8,625.00;8,775.00;7,756.85;4,450,000
Jan 3, 2022;8,675.00;8,725.00;8,600.00;8,625.00;7,624.26;2,449,700
Dec 30, 2021;8,675.00;8,725.00;8,600.00;8,700.00;7,690.56;4,302,200
Dec 29, 2021;8,700.00;8,725.00;8,650.00;8,675.00;7,668.46;2,009,000
Dec 28, 2021;8,650.00;8,750.00;8,650.00;8,700.00;7,690.56;3,719,600
Dec 27, 2021;8,725.00;8,725.00;8,625.00;8,650.00;7,646.36;1,290,200
Dec 24, 2021;8,775.00;8,800.00;8,650.00;8,725.00;7,712.66;2,906,000
Dec 23, 2021;8,700.00;8,775.00;8,650.00;8,775.00;7,756.85;2,797,800
Dec 22, 2021;8,750.00;8,775.00;8,500.00;8,675.00;7,668.46;6,189,900
Dec 21, 2021;8,775.00;8,825.00;8,700.00;8,750.00;7,734.75;2,317,600
Dec 20, 2021;8,800.00;8,825.00;8,700.00;8,825.00;7,801.05;2,285,700
Dec 17, 2021;8,725.00;8,800.00;8,700.00;8,800.00;7,778.95;5,451,900
Dec 16, 2021;8,825.00;8,825.00;8,675.00;8,750.00;7,734.75;3,678,900
Dec 15, 2021;8,700.00;8,800.00;8,700.00;8,800.00;7,778.95;2,295,800
Dec 14, 2021;8,750.00;8,775.00;8,700.00;8,700.00;7,690.56;4,739,900
Dec 13, 2021;8,950.00;8,950.00;8,750.00;8,750.00;7,734.75;2,949,100
Dec 10, 2021;8,950.00;8,975.00;8,725.00;8,850.00;7,823.15;4,209,200
Dec 9, 2021;8,875.00;8,950.00;8,800.00;8,950.00;7,911.55;2,668,700
Dec 8, 2021;8,750.00;8,900.00;8,750.00;8,775.00;7,756.85;2,751,100
Dec 7, 2021;8,800.00;8,800.00;8,700.00;8,750.00;7,734.75;4,921,400
Dec 6, 2021;8,725.00;8,850.00;8,700.00;8,750.00;7,734.75;4,168,800
Dec 3, 2021;8,825.00;8,850.00;8,675.00;8,700.00;7,690.56;5,921,800
Dec 2, 2021;8,900.00;8,975.00;8,800.00;8,850.00;7,823.15;2,949,200
Dec 1, 2021;8,725.00;8,950.00;8,700.00;8,925.00;7,889.45;15,597,800
Nov 30, 2021;9,025.00;9,050.00;8,450.00;8,450.00;7,469.56;12,610,000
Nov 29, 2021;8,875.00;8,900.00;8,800.00;8,875.00;7,845.25;7,196,000
Nov 26, 2021;8,950.00;8,975.00;8,850.00;8,875.00;7,845.25;5,372,700
Nov 25, 2021;9,000.00;9,025.00;8,950.00;8,950.00;7,911.55;1,599,300
Nov 24, 2021;8,975.00;9,000.00;8,950.00;9,000.00;7,955.75;1,648,300
Nov 23, 2021;9,050.00;9,050.00;8,900.00;8,950.00;7,911.55;5,458,400
Nov 22, 2021;9,025.00;9,100.00;9,000.00;9,075.00;8,022.05;3,401,900
Nov 19, 2021;9,150.00;9,200.00;9,000.00;9,025.00;7,977.85;4,570,900
Nov 18, 2021;8,875.00;9,175.00;8,875.00;9,075.00;8,022.05;9,739,300
Nov 17, 2021;8,825.00;8,875.00;8,825.00;8,850.00;7,823.15;6,965,500
Nov 16, 2021;8,950.00;8,975.00;8,800.00;8,825.00;7,801.05;6,167,400
Nov 15, 2021;8,950.00;8,975.00;8,900.00;8,925.00;7,889.45;2,870,000
Nov 12, 2021;8,900.00;8,950.00;8,850.00;8,950.00;7,911.55;1,767,300
Nov 11, 2021;8,900.00;8,925.00;8,800.00;8,850.00;7,823.15;1,269,200
Nov 10, 2021;8,925.00;8,950.00;8,825.00;8,900.00;7,867.35;2,206,900
Nov 9, 2021;8,925.00;8,975.00;8,875.00;8,925.00;7,889.45;2,936,800
Nov 8, 2021;8,825.00;8,900.00;8,800.00;8,900.00;7,867.35;2,606,200
Nov 5, 2021;8,800.00;8,850.00;8,750.00;8,800.00;7,778.95;5,357,200
Nov 4, 2021;8,775.00;8,875.00;8,775.00;8,800.00;7,778.95;2,796,400
Nov 3, 2021;8,850.00;8,850.00;8,700.00;8,775.00;7,756.85;6,778,900
Nov 2, 2021;8,800.00;8,875.00;8,775.00;8,850.00;7,823.15;3,320,900
Nov 1, 2021;8,800.00;8,875.00;8,700.00;8,800.00;7,778.95;6,520,400
Oct 29, 2021;8,800.00;8,925.00;8,750.00;8,800.00;7,778.95;7,541,300
Oct 28, 2021;8,825.00;8,850.00;8,675.00;8,800.00;7,778.95;7,670,900
Oct 27, 2021;9,150.00;9,175.00;8,800.00;8,850.00;7,823.15;7,857,600
Oct 26, 2021;9,125.00;9,200.00;9,075.00;9,100.00;8,044.15;6,724,600
Oct 25, 2021;9,100.00;9,150.00;9,025.00;9,100.00;8,044.15;5,603,700
Oct 22, 2021;9,225.00;9,225.00;9,025.00;9,100.00;8,044.15;8,038,500
Oct 21, 2021;9,350.00;9,350.00;9,100.00;9,225.00;8,154.64;8,833,800
Oct 19, 2021;9,300.00;9,350.00;9,225.00;9,300.00;8,220.94;5,926,900
Oct 18, 2021;9,300.00;9,350.00;9,200.00;9,300.00;8,220.94;7,172,800
Oct 15, 2021;9,350.00;9,425.00;9,100.00;9,275.00;8,198.84;10,441,700
Oct 14, 2021;9,000.00;9,325.00;8,975.00;9,325.00;8,243.04;19,813,500
Oct 13, 2021;8,875.00;9,000.00;8,800.00;8,950.00;7,911.55;9,413,800
Oct 12, 2021;8,875.00;8,900.00;8,800.00;8,875.00;7,845.25;7,922,600
Oct 11, 2021;8,900.00;8,925.00;8,800.00;8,850.00;7,823.15;4,998,400
Oct 8, 2021;8,850.00;8,925.00;8,775.00;8,900.00;7,867.35;5,016,500
Oct 7, 2021;8,850.00;9,000.00;8,800.00;8,850.00;7,823.15;9,890,400
Oct 6, 2021;8,825.00;8,900.00;8,700.00;8,850.00;7,823.15;9,047,000
Oct 5, 2021;8,650.00;8,850.00;8,600.00;8,825.00;7,801.05;13,184,600
Oct 4, 2021;8,375.00;8,650.00;8,350.00;8,650.00;7,646.36;11,058,600
Oct 1, 2021;8,350.00;8,400.00;8,225.00;8,325.00;7,359.07;4,065,700
Sep 30, 2021;8,225.00;8,400.00;8,225.00;8,350.00;7,381.17;5,656,600
Sep 29, 2021;8,225.00;8,225.00;8,150.00;8,225.00;7,270.67;2,750,800
Sep 28, 2021;8,350.00;8,350.00;8,175.00;8,225.00;7,270.67;4,369,400
Sep 27, 2021;8,300.00;8,350.00;8,200.00;8,350.00;7,381.17;5,104,700
Sep 24, 2021;8,250.00;8,300.00;8,175.00;8,300.00;7,336.97;2,634,400
Sep 23, 2021;8,275.00;8,300.00;8,200.00;8,250.00;7,292.77;1,829,100
Sep 22, 2021;8,300.00;8,325.00;8,200.00;8,200.00;7,248.57;1,639,100
Sep 21, 2021;8,100.00;8,375.00;8,100.00;8,300.00;7,336.97;3,757,800
Sep 20, 2021;8,250.00;8,250.00;8,075.00;8,125.00;7,182.27;4,134,700
Sep 17, 2021;8,225.00;8,225.00;8,150.00;8,150.00;7,204.37;4,816,000
Sep 16, 2021;8,375.00;8,400.00;8,175.00;8,225.00;7,270.67;6,857,300
Sep 15, 2021;8,450.00;8,450.00;8,350.00;8,375.00;7,403.27;5,544,500
Sep 14, 2021;8,425.00;8,475.00;8,400.00;8,450.00;7,469.56;1,167,000
Sep 13, 2021;8,400.00;8,475.00;8,375.00;8,425.00;7,447.46;2,351,900
Sep 10, 2021;8,525.00;8,525.00;8,450.00;8,500.00;7,513.76;1,793,900
Sep 9, 2021;8,425.00;8,525.00;8,375.00;8,525.00;7,535.86;3,731,500
Sep 8, 2021;8,450.00;8,450.00;8,350.00;8,425.00;7,447.46;6,423,000
Sep 7, 2021;215 Dividend ;;;;;
;Dividends on any given ex-date include regular and any special dividends;;;;;
Sep 7, 2021;8,325.00;8,425.00;8,325.00;8,425.00;7,447.46;2,986,500
Sep 6, 2021;8,500.00;8,550.00;8,500.00;8,525.00;7,345.81;4,167,800
Sep 3, 2021;8,450.00;8,500.00;8,425.00;8,475.00;7,302.72;3,556,700
Sep 2, 2021;8,425.00;8,450.00;8,325.00;8,450.00;7,281.18;1,920,100
Sep 1, 2021;8,500.00;8,500.00;8,325.00;8,400.00;7,238.10;3,241,900
Aug 31, 2021;8,600.00;8,625.00;8,425.00;8,425.00;7,259.64;5,271,700
Aug 30, 2021;8,350.00;8,650.00;8,325.00;8,600.00;7,410.43;11,729,900
Aug 27, 2021;8,225.00;8,300.00;8,125.00;8,300.00;7,151.93;7,356,500
Aug 26, 2021;8,225.00;8,250.00;8,125.00;8,225.00;7,087.30;3,990,200
Aug 25, 2021;8,300.00;8,300.00;8,075.00;8,225.00;7,087.30;7,193,700
Aug 24, 2021;8,225.00;8,275.00;8,125.00;8,200.00;7,065.76;5,218,600
Aug 23, 2021;8,250.00;8,250.00;8,175.00;8,225.00;7,087.30;1,949,700
Aug 20, 2021;8,150.00;8,200.00;8,100.00;8,150.00;7,022.68;2,045,300
Aug 19, 2021;8,350.00;8,375.00;8,150.00;8,150.00;7,022.68;4,775,800
Aug 18, 2021;8,250.00;8,375.00;8,250.00;8,350.00;7,195.01;4,277,300
Aug 16, 2021;8,200.00;8,250.00;8,150.00;8,250.00;7,108.85;1,827,100
Aug 13, 2021;8,075.00;8,250.00;8,075.00;8,200.00;7,065.76;2,441,900
Aug 12, 2021;8,125.00;8,225.00;8,050.00;8,075.00;6,958.05;3,115,600
Aug 10, 2021;8,200.00;8,200.00;7,950.00;8,050.00;6,936.51;6,585,900
Aug 9, 2021;8,325.00;8,350.00;8,100.00;8,150.00;7,022.68;2,627,400
Aug 6, 2021;8,175.00;8,325.00;8,150.00;8,275.00;7,130.39;2,308,400
Aug 5, 2021;8,175.00;8,200.00;8,125.00;8,150.00;7,022.68;4,600,500
Aug 4, 2021;8,250.00;8,275.00;8,150.00;8,175.00;7,044.22;2,039,900
Aug 3, 2021;8,150.00;8,300.00;8,125.00;8,225.00;7,087.30;3,370,400
Aug 2, 2021;8,125.00;8,250.00;8,075.00;8,125.00;7,001.14;5,251,600
Jul 30, 2021;8,325.00;8,350.00;8,125.00;8,125.00;7,001.14;7,765,100
Jul 29, 2021;8,500.00;8,500.00;8,350.00;8,350.00;7,195.01;4,082,900
Jul 28, 2021;8,500.00;8,550.00;8,400.00;8,500.00;7,324.27;2,409,400
Jul 27, 2021;8,750.00;8,775.00;8,450.00;8,500.00;7,324.27;3,332,900
Jul 26, 2021;8,700.00;8,800.00;8,600.00;8,725.00;7,518.14;3,926,200
Jul 23, 2021;8,825.00;8,825.00;8,550.00;8,650.00;7,453.52;4,113,700
